company_domain,company_website,discovered_via_investors,discovery_method,first_discovered_at,last_seen_at,careers_page_url,ats_provider,ats_token,last_checked_at,notes
cdn.hu-manity.co,https://cdn.hu-manity.co,Astanor Ventures,vc_portfolio_page,2026-09-22T03:02:31.011345+00:00,2026-09-22T03:02:31.011345+00:00,,,,,
bcorporation.net,https://bcorporation.net,Arborview Capital;Astanor Ventures,vc_portfolio_page,2026-09-22T03:02:31.012336+00:00,2026-09-22T03:04:46.690991+00:00,,,,,
financeforbiodiversity.org,https://financeforbiodiversity.org,Astanor Ventures,vc_portfolio_page,2026-09-22T03:02:31.018345+00:00,2026-09-22T03:02:31.018345+00:00,,,,,
ifvi.org,https://ifvi.org,Astanor Ventures,vc_portfolio_page,2026-09-22T03:02:31.024537+00:00,2026-09-22T03:02:31.024537+00:00,,,,,
impactvaluationhub.org,https://impactvaluationhub.org,Astanor Ventures,vc_portfolio_page,2026-09-22T03:02:31.030494+00:00,2026-09-22T03:02:31.030494+00:00,,,,,
investeurope.eu,https://investeurope.eu,Astanor Ventures,vc_portfolio_page,2026-09-22T03:02:31.037905+00:00,2026-09-22T03:02:31.037905+00:00,,,,,
impactprinciples.org,https://impactprinciples.org,Astanor Ventures,vc_portfolio_page,2026-09-22T03:02:31.044749+00:00,2026-09-22T03:02:31.044749+00:00,,,,,
unpri.org,https://unpri.org,Astanor Ventures,vc_portfolio_page,2026-09-22T03:02:31.052029+00:00,2026-09-22T03:02:31.052029+00:00,,,,,
projectframe.how,https://projectframe.how,Astanor Ventures,vc_portfolio_page,2026-09-22T03:02:31.060491+00:00,2026-09-22T03:02:31.060491+00:00,,,,,
ventureesg.com,https://ventureesg.com,Astanor Ventures,vc_portfolio_page,2026-09-22T03:02:31.067800+00:00,2026-09-22T03:02:31.067800+00:00,,,,,
auth.fundrbird.com,https://auth.fundrbird.com,Astanor Ventures,vc_portfolio_page,2026-09-22T03:02:31.075873+00:00,2026-09-22T03:02:31.075873+00:00,,,,,
atoneventures.arkpes.com,https://atoneventures.arkpes.com,At One Ventures,vc_portfolio_page,2026-09-22T03:02:31.109328+00:00,2026-09-22T03:02:31.109328+00:00,,,,,
addisenergy.com,https://addisenergy.com,At One Ventures,vc_portfolio_page,2026-09-22T03:02:31.117628+00:00,2026-09-22T03:02:31.117628+00:00,,,,,
audacypartners.com,https://audacypartners.com,Audacy Ventures,vc_portfolio_page,2026-09-22T03:02:31.138841+00:00,2026-09-22T03:02:31.138841+00:00,,,,,
ampd.energy,https://ampd.energy,Audacy Ventures,vc_portfolio_page,2026-09-22T03:02:31.147248+00:00,2026-09-22T03:02:31.147248+00:00,,,,,
edgezero.co,https://edgezero.co,Audacy Ventures,vc_portfolio_page,2026-09-22T03:02:31.156179+00:00,2026-09-22T03:02:31.156179+00:00,,,,,
momentenergy.com,https://momentenergy.com,Audacy Ventures,vc_portfolio_page,2026-09-22T03:02:31.166308+00:00,2026-09-22T03:02:31.166308+00:00,,,,,
conrytech.com,https://conrytech.com,Audacy Ventures,vc_portfolio_page,2026-09-22T03:02:31.175490+00:00,2026-09-22T03:02:31.175490+00:00,,,,,
flyoro.co,https://flyoro.co,Audacy Ventures,vc_portfolio_page,2026-09-22T03:02:31.186371+00:00,2026-09-22T03:02:31.186371+00:00,,,,,
genh2hydrogen.com,https://genh2hydrogen.com,Audacy Ventures,vc_portfolio_page,2026-09-22T03:02:31.196246+00:00,2026-09-22T03:02:31.196246+00:00,,,,,
h3dynamics.com,https://h3dynamics.com,Audacy Ventures,vc_portfolio_page,2026-09-22T03:02:31.205842+00:00,2026-09-22T03:02:31.205842+00:00,,,,,
jetzero.au,https://jetzero.au,Audacy Ventures,vc_portfolio_page,2026-09-22T03:02:31.216704+00:00,2026-09-22T03:02:31.216704+00:00,,,,,
xfuel.com,https://xfuel.com,Audacy Ventures,vc_portfolio_page,2026-09-22T03:02:31.226674+00:00,2026-09-22T03:02:31.226674+00:00,,,,,
coolplanettech.com,https://coolplanettech.com,Audacy Ventures,vc_portfolio_page,2026-09-22T03:02:31.236465+00:00,2026-09-22T03:02:31.236465+00:00,,,,,
ocochem.com,https://ocochem.com,Audacy Ventures,vc_portfolio_page,2026-09-22T03:02:31.247730+00:00,2026-09-22T03:02:31.247730+00:00,,,,,
siteassets.parastorage.com,https://siteassets.parastorage.com,Audacy Ventures,vc_portfolio_page,2026-09-22T03:02:31.257979+00:00,2026-09-22T03:02:31.257979+00:00,,,,,
autodesk.com,https://autodesk.com,Autodesk Foundation,vc_portfolio_page,2026-09-22T03:02:31.283678+00:00,2026-09-22T03:02:31.283678+00:00,,,,,
autodesk.com.cn,https://autodesk.com.cn,Autodesk Foundation,vc_portfolio_page,2026-09-22T03:02:31.295208+00:00,2026-09-22T03:02:31.295208+00:00,,,,,
blogs.autodesk.com,https://blogs.autodesk.com,Autodesk Foundation,vc_portfolio_page,2026-09-22T03:02:31.306640+00:00,2026-09-22T03:02:31.306640+00:00,,,,,
raiseus.ai,https://raiseus.ai,Autodesk Foundation,vc_portfolio_page,2026-09-22T03:02:31.318474+00:00,2026-09-22T03:02:31.318474+00:00,,,,,
loamist.com,https://loamist.com,Autodesk Foundation,vc_portfolio_page,2026-09-22T03:02:31.329415+00:00,2026-09-22T03:02:31.329415+00:00,,,,,
ebbcarbon.com,https://ebbcarbon.com,Autodesk Foundation,vc_portfolio_page,2026-09-22T03:02:31.342308+00:00,2026-09-22T03:02:31.342308+00:00,,,,,
primecoalition.org,https://primecoalition.org,Autodesk Foundation,vc_portfolio_page,2026-09-22T03:02:31.354088+00:00,2026-09-22T03:02:31.354088+00:00,,,,,
rmi.org,https://rmi.org,Autodesk Foundation,vc_portfolio_page,2026-09-22T03:02:31.366667+00:00,2026-09-22T03:02:31.366667+00:00,,,,,
upayasv.org,https://upayasv.org,Autodesk Foundation,vc_portfolio_page,2026-09-22T03:02:31.378754+00:00,2026-09-22T03:02:31.378754+00:00,,,,,
socialfinance.org,https://socialfinance.org,Autodesk Foundation,vc_portfolio_page,2026-09-22T03:02:31.392448+00:00,2026-09-22T03:02:31.392448+00:00,,,,,
seaf.com,https://seaf.com,Autodesk Foundation,vc_portfolio_page,2026-09-22T03:02:31.404690+00:00,2026-09-22T03:02:31.404690+00:00,,,,,
beyondthedome.com,https://beyondthedome.com,Autodesk Foundation,vc_portfolio_page,2026-09-22T03:02:31.417013+00:00,2026-09-22T03:02:31.417013+00:00,,,,,
fika.org,https://fika.org,Autodesk Foundation,vc_portfolio_page,2026-09-22T03:02:31.428519+00:00,2026-09-22T03:02:31.428519+00:00,,,,,
mati.earth,https://mati.earth,Autodesk Foundation,vc_portfolio_page,2026-09-22T03:02:31.440614+00:00,2026-09-22T03:02:31.440614+00:00,,,,,
nature.org,https://nature.org,Autodesk Foundation,vc_portfolio_page,2026-09-22T03:02:31.453377+00:00,2026-09-22T03:02:31.453377+00:00,,,,,
unifyndlabs.com,https://unifyndlabs.com,Avaana Capital,vc_portfolio_page,2026-09-22T03:02:31.496059+00:00,2026-09-22T03:02:31.496059+00:00,,,,,
airtable.com,https://airtable.com,Avesta Fund,vc_portfolio_page,2026-09-22T03:02:31.534634+00:00,2026-09-22T03:02:31.534634+00:00,,,,,
aonics.ai,https://aonics.ai,Avesta Fund,vc_portfolio_page,2026-09-22T03:02:31.553233+00:00,2026-09-22T03:02:31.553233+00:00,,,,,
autonomique.ai,https://autonomique.ai,Avesta Fund,vc_portfolio_page,2026-09-22T03:02:31.566249+00:00,2026-09-22T03:02:31.566249+00:00,,,,,
avatour.co,https://avatour.co,Avesta Fund,vc_portfolio_page,2026-09-22T03:02:31.586927+00:00,2026-09-22T03:02:31.586927+00:00,,,,,
battgenie.life,https://battgenie.life,Avesta Fund,vc_portfolio_page,2026-09-22T03:02:31.605819+00:00,2026-09-22T03:02:31.605819+00:00,,,,,
trybeem.com,https://trybeem.com,Avesta Fund,vc_portfolio_page,2026-09-22T03:02:31.621119+00:00,2026-09-22T03:02:31.621119+00:00,,,,,
bluestudios.io,https://bluestudios.io,Avesta Fund,vc_portfolio_page,2026-09-22T03:02:31.635089+00:00,2026-09-22T03:02:31.635089+00:00,,,,,
boxpower.io,https://boxpower.io,Avesta Fund,vc_portfolio_page,2026-09-22T03:02:31.647853+00:00,2026-09-22T03:02:31.647853+00:00,,,,,
cambiumcarbon.com,https://cambiumcarbon.com,Avesta Fund,vc_portfolio_page,2026-09-22T03:02:31.661246+00:00,2026-09-22T03:02:31.661246+00:00,,,,,
capezero.com,https://capezero.com,Avesta Fund,vc_portfolio_page,2026-09-22T03:02:31.675031+00:00,2026-09-22T03:02:31.675031+00:00,,,,,
chargerhelp.com,https://chargerhelp.com,Avesta Fund,vc_portfolio_page,2026-09-22T03:02:31.688445+00:00,2026-09-22T03:02:31.688445+00:00,,,,,
clearcurrent.ai,https://clearcurrent.ai,Avesta Fund,vc_portfolio_page,2026-09-22T03:02:31.703410+00:00,2026-09-22T03:02:31.703410+00:00,,,,,
concentro.io,https://concentro.io,Avesta Fund,vc_portfolio_page,2026-09-22T03:02:31.721525+00:00,2026-09-22T03:02:31.721525+00:00,,,,,
courie.ai,https://courie.ai,Avesta Fund,vc_portfolio_page,2026-09-22T03:02:31.736675+00:00,2026-09-22T03:02:31.736675+00:00,,,,,
doowii.io,https://doowii.io,Avesta Fund,vc_portfolio_page,2026-09-22T03:02:31.751354+00:00,2026-09-22T03:02:31.751354+00:00,,,,,
adsmurai.com,https://adsmurai.com,Axon Partners Group,vc_portfolio_page,2026-09-22T03:02:31.777234+00:00,2026-09-22T03:02:31.777234+00:00,,,,,
aganova.com,https://aganova.com,Axon Partners Group,vc_portfolio_page,2026-09-22T03:02:31.793677+00:00,2026-09-22T03:02:31.793677+00:00,,,,,
alia-mentis.com,https://alia-mentis.com,Axon Partners Group,vc_portfolio_page,2026-09-22T03:02:31.806073+00:00,2026-09-22T03:02:31.806073+00:00,,,,,
ampere.greaveselectricmobility.com,https://ampere.greaveselectricmobility.com,Axon Partners Group,vc_portfolio_page,2026-09-22T03:02:31.818131+00:00,2026-09-22T03:02:31.818131+00:00,,,,,
arenit.de,https://arenit.de,Axon Partners Group,vc_portfolio_page,2026-09-22T03:02:31.832137+00:00,2026-09-22T03:02:31.832137+00:00,,,,,
arteche.com,https://arteche.com,Axon Partners Group,vc_portfolio_page,2026-09-22T03:02:31.845800+00:00,2026-09-22T03:02:31.845800+00:00,,,,,
basquevolt.com,https://basquevolt.com,Axon Partners Group,vc_portfolio_page,2026-09-22T03:02:31.860783+00:00,2026-09-22T03:02:31.860783+00:00,,,,,
batx.co,https://batx.co,Axon Partners Group,vc_portfolio_page,2026-09-22T03:02:31.875103+00:00,2026-09-22T03:02:31.875103+00:00,,,,,
belevels.com,https://belevels.com,Axon Partners Group,vc_portfolio_page,2026-09-22T03:02:31.887380+00:00,2026-09-22T03:02:31.887380+00:00,,,,,
billpocket.com,https://billpocket.com,Axon Partners Group,vc_portfolio_page,2026-09-22T03:02:31.900410+00:00,2026-09-22T03:02:31.900410+00:00,,,,,
bioherent.com,https://bioherent.com,Axon Partners Group,vc_portfolio_page,2026-09-22T03:02:31.913086+00:00,2026-09-22T03:02:31.913086+00:00,,,,,
bm2solar.com,https://bm2solar.com,Axon Partners Group,vc_portfolio_page,2026-09-22T03:02:31.925813+00:00,2026-09-22T03:02:31.925813+00:00,,,,,
branchoutventures.com,https://branchoutventures.com,Axon Partners Group,vc_portfolio_page,2026-09-22T03:02:31.938321+00:00,2026-09-22T03:02:31.938321+00:00,,,,,
buildtozero.es,https://buildtozero.es,Axon Partners Group,vc_portfolio_page,2026-09-22T03:02:31.951008+00:00,2026-09-22T03:02:31.951008+00:00,,,,,
busqo.com,https://busqo.com,Axon Partners Group,vc_portfolio_page,2026-09-22T03:02:31.963916+00:00,2026-09-22T03:02:31.963916+00:00,,,,,
heaten.com,https://heaten.com,Azolla Ventures,vc_portfolio_page,2026-09-22T03:02:32.004189+00:00,2026-09-22T03:02:32.004189+00:00,,,,,
sitration.com,https://sitration.com,Azolla Ventures,vc_portfolio_page,2026-09-22T03:02:32.015832+00:00,2026-09-22T03:02:32.015832+00:00,,,,,
funga.earth,https://funga.earth,Azolla Ventures,vc_portfolio_page,2026-09-22T03:02:32.028930+00:00,2026-09-22T03:02:32.028930+00:00,,,,,
calcarea.com,https://calcarea.com,Azolla Ventures,vc_portfolio_page,2026-09-22T03:02:32.041292+00:00,2026-09-22T03:02:32.041292+00:00,,,,,
scalvy.com,https://scalvy.com,Azolla Ventures,vc_portfolio_page,2026-09-22T03:02:32.054175+00:00,2026-09-22T03:02:32.054175+00:00,,,,,
velozbio.com,https://velozbio.com,Azolla Ventures,vc_portfolio_page,2026-09-22T03:02:32.066915+00:00,2026-09-22T03:02:32.066915+00:00,,,,,
muonvision.com,https://muonvision.com,Azolla Ventures,vc_portfolio_page,2026-09-22T03:02:32.079640+00:00,2026-09-22T03:02:32.079640+00:00,,,,,
aikidotechnologies.com,https://aikidotechnologies.com,Azolla Ventures,vc_portfolio_page,2026-09-22T03:02:32.092328+00:00,2026-09-22T03:02:32.092328+00:00,,,,,
oxylusenergy.com,https://oxylusenergy.com,Azolla Ventures,vc_portfolio_page,2026-09-22T03:02:32.105311+00:00,2026-09-22T03:02:32.105311+00:00,,,,,
biolumic.com,https://biolumic.com,Azolla Ventures,vc_portfolio_page,2026-09-22T03:02:32.118590+00:00,2026-09-22T03:02:32.118590+00:00,,,,,
stillbright.co,https://stillbright.co,Azolla Ventures,vc_portfolio_page,2026-09-22T03:02:32.132226+00:00,2026-09-22T03:02:32.132226+00:00,,,,,
rockzero.com,https://rockzero.com,Azolla Ventures,vc_portfolio_page,2026-09-22T03:02:32.144590+00:00,2026-09-22T03:02:32.144590+00:00,,,,,
rain.aero,https://rain.aero,Azolla Ventures,vc_portfolio_page,2026-09-22T03:02:32.157304+00:00,2026-09-22T03:02:32.157304+00:00,,,,,
nzn2.com,https://nzn2.com,Azolla Ventures,vc_portfolio_page,2026-09-22T03:02:32.171113+00:00,2026-09-22T03:02:32.171113+00:00,,,,,
ergbio.com,https://ergbio.com,Azolla Ventures,vc_portfolio_page,2026-09-22T03:02:32.184166+00:00,2026-09-22T03:02:32.184166+00:00,,,,,
hephaeet.com,https://hephaeet.com,Baruch Future Ventures,vc_portfolio_page,2026-09-22T03:02:32.223577+00:00,2026-09-22T03:02:32.223577+00:00,,,,,
agriculture.basf.us,https://agriculture.basf.us,BASF Venture Capital,vc_portfolio_page,2026-09-22T03:02:32.250475+00:00,2026-09-22T03:02:32.250475+00:00,,,,,
jobs.bcapgroup.com,https://jobs.bcapgroup.com,B Capital Group,vc_portfolio_page,2026-09-22T03:02:32.310970+00:00,2026-09-22T03:02:32.310970+00:00,,,,,
bvpforge.com,https://bvpforge.com,Bessemer Venture Partners,vc_portfolio_page,2026-09-22T03:02:32.339884+00:00,2026-09-22T03:02:32.339884+00:00,,,,,
services.dataexchange.fiscloudservices.com,https://services.dataexchange.fiscloudservices.com,Bessemer Venture Partners,vc_portfolio_page,2026-09-22T03:02:32.352957+00:00,2026-09-22T03:02:32.352957+00:00,,,,,
circularise.com,https://circularise.com,4impact Capital,vc_portfolio_page,2026-09-22T03:03:08.432201+00:00,2026-09-22T03:03:08.432201+00:00,,,,,
solarmonkey.io,https://solarmonkey.io,4impact Capital,vc_portfolio_page,2026-09-22T03:03:08.433519+00:00,2026-09-22T03:03:08.433519+00:00,,,,,
letsenvision.com,https://letsenvision.com,4impact Capital,vc_portfolio_page,2026-09-22T03:03:08.452854+00:00,2026-09-22T03:03:08.452854+00:00,,,,,
ourmind.ai,https://ourmind.ai,4impact Capital,vc_portfolio_page,2026-09-22T03:03:08.472895+00:00,2026-09-22T03:03:08.472895+00:00,,,,,
regulate.me,https://regulate.me,4impact Capital,vc_portfolio_page,2026-09-22T03:03:08.490102+00:00,2026-09-22T03:03:08.490102+00:00,,,,,
exnaton.ai,https://exnaton.ai,4impact Capital,vc_portfolio_page,2026-09-22T03:03:08.510255+00:00,2026-09-22T03:03:08.510255+00:00,,,,,
greenshift.app,https://greenshift.app,4impact Capital,vc_portfolio_page,2026-09-22T03:03:08.527683+00:00,2026-09-22T03:03:08.527683+00:00,,,,,
suena.energy,https://suena.energy,4impact Capital,vc_portfolio_page,2026-09-22T03:03:08.549604+00:00,2026-09-22T03:03:08.549604+00:00,,,,,
etpa.nl,https://etpa.nl,4impact Capital,vc_portfolio_page,2026-09-22T03:03:08.569609+00:00,2026-09-22T03:03:08.569609+00:00,,,,,
getlucend.com,https://getlucend.com,4impact Capital,vc_portfolio_page,2026-09-22T03:03:08.589634+00:00,2026-09-22T03:03:08.589634+00:00,,,,,
deftpower.com,https://deftpower.com,4impact Capital,vc_portfolio_page,2026-09-22T03:03:08.610701+00:00,2026-09-22T03:03:08.610701+00:00,,,,,
myrspoven.com,https://myrspoven.com,4impact Capital,vc_portfolio_page,2026-09-22T03:03:08.630418+00:00,2026-09-22T03:03:08.630418+00:00,,,,,
tvarit.com,https://tvarit.com,4impact Capital,vc_portfolio_page,2026-09-22T03:03:08.651897+00:00,2026-09-22T03:03:08.651897+00:00,,,,,
infotiles.no,https://infotiles.no,4impact Capital,vc_portfolio_page,2026-09-22T03:03:08.672307+00:00,2026-09-22T03:03:08.672307+00:00,,,,,
carbonfuture.earth,https://carbonfuture.earth,4impact Capital,vc_portfolio_page,2026-09-22T03:03:08.692870+00:00,2026-09-22T03:03:08.692870+00:00,,,,,
skillscv.nl,https://skillscv.nl,4impact Capital,vc_portfolio_page,2026-09-22T03:03:08.713525+00:00,2026-09-22T03:03:08.713525+00:00,,,,,
greenstory.ca,https://greenstory.ca,4impact Capital,vc_portfolio_page,2026-09-22T03:03:08.733769+00:00,2026-09-22T03:03:08.733769+00:00,,,,,
quanwellbeing.com,https://quanwellbeing.com,4impact Capital,vc_portfolio_page,2026-09-22T03:03:08.754747+00:00,2026-09-22T03:03:08.754747+00:00,,,,,
thenextcloset.com,https://thenextcloset.com,4impact Capital,vc_portfolio_page,2026-09-22T03:03:08.775468+00:00,2026-09-22T03:03:08.775468+00:00,,,,,
carbonequity.com,https://carbonequity.com,4impact Capital,vc_portfolio_page,2026-09-22T03:03:08.796163+00:00,2026-09-22T03:03:08.796163+00:00,,,,,
thefabricant.com,https://thefabricant.com,4impact Capital,vc_portfolio_page,2026-09-22T03:03:08.816629+00:00,2026-09-22T03:03:08.816629+00:00,,,,,
satelligence.com,https://satelligence.com,4impact Capital,vc_portfolio_page,2026-09-22T03:03:08.837329+00:00,2026-09-22T03:03:08.837329+00:00,,,,,
equalture.com,https://equalture.com,4impact Capital,vc_portfolio_page,2026-09-22T03:03:08.851615+00:00,2026-09-22T03:03:08.851615+00:00,,,,,
studioflabbergasted.nl,https://studioflabbergasted.nl,4impact Capital,vc_portfolio_page,2026-09-22T03:03:08.872430+00:00,2026-09-22T03:03:08.872430+00:00,,,,,
datacenterdynamics.com,https://datacenterdynamics.com,8090 Industries,vc_portfolio_page,2026-09-22T03:03:10.762708+00:00,2026-09-22T03:03:10.762708+00:00,,,,,
nscale.com,https://nscale.com,8090 Industries,vc_portfolio_page,2026-09-22T03:03:10.775753+00:00,2026-09-22T03:03:10.775753+00:00,,,,,
aerones.com,https://aerones.com,Activate Capital Partners,vc_portfolio_page,2026-09-22T03:03:25.076909+00:00,2026-09-22T03:03:25.076909+00:00,,,,,
altana.ai,https://altana.ai,Activate Capital Partners,vc_portfolio_page,2026-09-22T03:03:25.092058+00:00,2026-09-22T03:03:25.092058+00:00,,,,,
antora.com,https://antora.com,Activate Capital Partners,vc_portfolio_page,2026-09-22T03:03:25.105502+00:00,2026-09-22T03:03:25.105502+00:00,,,,,
crusoe.ai,https://crusoe.ai,Activate Capital Partners,vc_portfolio_page,2026-09-22T03:03:25.119675+00:00,2026-09-22T03:03:25.119675+00:00,,,,,
enpal.de,https://enpal.de,Activate Capital Partners,vc_portfolio_page,2026-09-22T03:03:25.134045+00:00,2026-09-22T03:03:25.134045+00:00,,,,,
fictiv.com,https://fictiv.com,Activate Capital Partners,vc_portfolio_page,2026-09-22T03:03:25.147388+00:00,2026-09-22T03:03:25.147388+00:00,,,,,
flexe.com,https://flexe.com,Activate Capital Partners,vc_portfolio_page,2026-09-22T03:03:25.161482+00:00,2026-09-22T03:03:25.161482+00:00,,,,,
generatecapital.com,https://generatecapital.com,Activate Capital Partners,vc_portfolio_page,2026-09-22T03:03:25.175917+00:00,2026-09-22T03:03:25.175917+00:00,,,,,
homee.com,https://homee.com,Activate Capital Partners,vc_portfolio_page,2026-09-22T03:03:25.189102+00:00,2026-09-22T03:03:25.189102+00:00,,,,,
infravision.com.au,https://infravision.com.au,Activate Capital Partners,vc_portfolio_page,2026-09-22T03:03:25.203419+00:00,2026-09-22T03:03:25.203419+00:00,,,,,
jetsonhome.com,https://jetsonhome.com,Activate Capital Partners,vc_portfolio_page,2026-09-22T03:03:25.216415+00:00,2026-09-22T03:03:25.216415+00:00,,,,,
kin.com,https://kin.com,Activate Capital Partners,vc_portfolio_page,2026-09-22T03:03:25.230648+00:00,2026-09-22T03:03:25.230648+00:00,,,,,
klearnow.com,https://klearnow.com,Activate Capital Partners,vc_portfolio_page,2026-09-22T03:03:25.244537+00:00,2026-09-22T03:03:25.244537+00:00,,,,,
poweredbylight.com,https://poweredbylight.com,Activate Capital Partners,vc_portfolio_page,2026-09-22T03:03:25.259795+00:00,2026-09-22T03:03:25.259795+00:00,,,,,
lunarenergy.com,https://lunarenergy.com,Activate Capital Partners,vc_portfolio_page,2026-09-22T03:03:25.273764+00:00,2026-09-22T03:03:25.273764+00:00,,,,,
muonspace.com,https://muonspace.com,Activate Capital Partners,vc_portfolio_page,2026-09-22T03:03:25.286958+00:00,2026-09-22T03:03:25.286958+00:00,,,,,
nozominetworks.com,https://nozominetworks.com,Activate Capital Partners,vc_portfolio_page,2026-09-22T03:03:25.308428+00:00,2026-09-22T03:03:25.308428+00:00,,,,,
omnidian.com,https://omnidian.com,Activate Capital Partners,vc_portfolio_page,2026-09-22T03:03:25.322586+00:00,2026-09-22T03:03:25.322586+00:00,,,,,
optimaldynamics.com,https://optimaldynamics.com,Activate Capital Partners,vc_portfolio_page,2026-09-22T03:03:25.336507+00:00,2026-09-22T03:03:25.336507+00:00,,,,,
parsable.com,https://parsable.com,Activate Capital Partners;Aramco Ventures,vc_portfolio_page,2026-09-22T03:03:25.350341+00:00,2026-09-22T03:04:44.961647+00:00,,,,,
passportinc.com,https://passportinc.com,Activate Capital Partners,vc_portfolio_page,2026-09-22T03:03:25.370339+00:00,2026-09-22T03:03:25.370339+00:00,,,,,
ridecell.com,https://ridecell.com,Activate Capital Partners,vc_portfolio_page,2026-09-22T03:03:25.383712+00:00,2026-09-22T03:03:25.383712+00:00,,,,,
rune.energy,https://rune.energy,Activate Capital Partners,vc_portfolio_page,2026-09-22T03:03:25.403425+00:00,2026-09-22T03:03:25.403425+00:00,,,,,
starfishspace.com,https://starfishspace.com,Activate Capital Partners,vc_portfolio_page,2026-09-22T03:03:25.424179+00:00,2026-09-22T03:03:25.424179+00:00,,,,,
stem.com,https://stem.com,Activate Capital Partners,vc_portfolio_page,2026-09-22T03:03:25.438977+00:00,2026-09-22T03:03:25.438977+00:00,,,,,
streetlightdata.com,https://streetlightdata.com,Activate Capital Partners;Ajax Strategies,vc_portfolio_page,2026-09-22T03:03:25.453293+00:00,2026-09-22T03:03:57.381862+00:00,,,,,
swimlane.com,https://swimlane.com,Activate Capital Partners,vc_portfolio_page,2026-09-22T03:03:25.467878+00:00,2026-09-22T03:03:25.467878+00:00,,,,,
sympower.net,https://sympower.net,Activate Capital Partners,vc_portfolio_page,2026-09-22T03:03:25.483394+00:00,2026-09-22T03:03:25.483394+00:00,,,,,
tomorrow.io,https://tomorrow.io,Activate Capital Partners,vc_portfolio_page,2026-09-22T03:03:25.504112+00:00,2026-09-22T03:03:25.504112+00:00,,,,,
voltacharging.com,https://voltacharging.com,Activate Capital Partners,vc_portfolio_page,2026-09-22T03:03:25.518497+00:00,2026-09-22T03:03:25.518497+00:00,,,,,
voltus.co,https://voltus.co,Activate Capital Partners;Ajax Strategies,vc_portfolio_page,2026-09-22T03:03:25.531987+00:00,2026-09-22T03:03:56.970156+00:00,,,,,
weavegrid.com,https://weavegrid.com,Activate Capital Partners,vc_portfolio_page,2026-09-22T03:03:25.545134+00:00,2026-09-22T03:03:25.545134+00:00,,,,,
xnrgy.com,https://xnrgy.com,Activate Capital Partners,vc_portfolio_page,2026-09-22T03:03:25.558520+00:00,2026-09-22T03:03:25.558520+00:00,,,,,
cdn.sanity.io,https://cdn.sanity.io,AENU,vc_portfolio_page,2026-09-22T03:03:31.797780+00:00,2026-09-22T03:03:31.797780+00:00,,,,,
ahp-cm.com,https://ahp-cm.com,AENU,vc_portfolio_page,2026-09-22T03:03:31.811663+00:00,2026-09-22T03:03:31.811663+00:00,,,,,
alliumeng.com,https://alliumeng.com,Aera VC,vc_portfolio_page,2026-09-22T03:03:41.349857+00:00,2026-09-22T03:03:41.349857+00:00,,,,,
aquila.earth,https://aquila.earth,Aera VC,vc_portfolio_page,2026-09-22T03:03:41.363449+00:00,2026-09-22T03:03:41.363449+00:00,,,,,
arraylabs.io,https://arraylabs.io,Aera VC,vc_portfolio_page,2026-09-22T03:03:41.377569+00:00,2026-09-22T03:03:41.377569+00:00,,,,,
astroforge.com,https://astroforge.com,Aera VC,vc_portfolio_page,2026-09-22T03:03:41.392091+00:00,2026-09-22T03:03:41.392091+00:00,,,,,
autopallet.bot,https://autopallet.bot,Aera VC,vc_portfolio_page,2026-09-22T03:03:41.406688+00:00,2026-09-22T03:03:41.406688+00:00,,,,,
calectra.com,https://calectra.com,Aera VC,vc_portfolio_page,2026-09-22T03:03:41.420756+00:00,2026-09-22T03:03:41.420756+00:00,,,,,
carbicrete.com,https://carbicrete.com,Aera VC,vc_portfolio_page,2026-09-22T03:03:41.435473+00:00,2026-09-22T03:03:41.435473+00:00,,,,,
carbonchain.com,https://carbonchain.com,Aera VC,vc_portfolio_page,2026-09-22T03:03:41.449904+00:00,2026-09-22T03:03:41.449904+00:00,,,,,
cosmicaerospace.com,https://cosmicaerospace.com,Aera VC,vc_portfolio_page,2026-09-22T03:03:41.464348+00:00,2026-09-22T03:03:41.464348+00:00,,,,,
dawnaerospace.com,https://dawnaerospace.com,Aera VC,vc_portfolio_page,2026-09-22T03:03:41.478806+00:00,2026-09-22T03:03:41.478806+00:00,,,,,
fablefood.co,https://fablefood.co,Aera VC,vc_portfolio_page,2026-09-22T03:03:41.493422+00:00,2026-09-22T03:03:41.493422+00:00,,,,,
gilgameshpharmaceutical.com,https://gilgameshpharmaceutical.com,Aera VC,vc_portfolio_page,2026-09-22T03:03:41.507364+00:00,2026-09-22T03:03:41.507364+00:00,,,,,
godela.ai,https://godela.ai,Aera VC,vc_portfolio_page,2026-09-22T03:03:41.522598+00:00,2026-09-22T03:03:41.522598+00:00,,,,,
green-got.com,https://green-got.com,Aera VC,vc_portfolio_page,2026-09-22T03:03:41.536787+00:00,2026-09-22T03:03:41.536787+00:00,,,,,
gridsight.ai,https://gridsight.ai,Aera VC,vc_portfolio_page,2026-09-22T03:03:41.554452+00:00,2026-09-22T03:03:41.554452+00:00,,,,,
intramotev.com,https://intramotev.com,Aera VC,vc_portfolio_page,2026-09-22T03:03:41.574850+00:00,2026-09-22T03:03:41.574850+00:00,,,,,
maritimefusion.com,https://maritimefusion.com,Aera VC,vc_portfolio_page,2026-09-22T03:03:41.596950+00:00,2026-09-22T03:03:41.596950+00:00,,,,,
palomahealth.com,https://palomahealth.com,Aera VC,vc_portfolio_page,2026-09-22T03:03:41.612649+00:00,2026-09-22T03:03:41.612649+00:00,,,,,
greentownlabs.com,https://greentownlabs.com,Aera VC,vc_portfolio_page,2026-09-22T03:03:41.633987+00:00,2026-09-22T03:03:41.633987+00:00,,,,,
reditus.space,https://reditus.space,Aera VC,vc_portfolio_page,2026-09-22T03:03:41.655661+00:00,2026-09-22T03:03:41.655661+00:00,,,,,
rewbi.com,https://rewbi.com,Aera VC,vc_portfolio_page,2026-09-22T03:03:41.676617+00:00,2026-09-22T03:03:41.676617+00:00,,,,,
seagen.io,https://seagen.io,Aera VC,vc_portfolio_page,2026-09-22T03:03:41.696271+00:00,2026-09-22T03:03:41.696271+00:00,,,,,
solugen.com,https://solugen.com,Aera VC,vc_portfolio_page,2026-09-22T03:03:41.712774+00:00,2026-09-22T03:03:41.712774+00:00,,,,,
twelve.co,https://twelve.co,Aera VC,vc_portfolio_page,2026-09-22T03:03:41.735368+00:00,2026-09-22T03:03:41.735368+00:00,,,,,
umamibioworks.com,https://umamibioworks.com,Aera VC,vc_portfolio_page,2026-09-22T03:03:41.749580+00:00,2026-09-22T03:03:41.749580+00:00,,,,,
browsehappy.com,https://browsehappy.com,AgFunder,vc_portfolio_page,2026-09-22T03:03:42.682818+00:00,2026-09-22T03:03:42.682818+00:00,,,,,
agfundernews.com,https://agfundernews.com,AgFunder,vc_portfolio_page,2026-09-22T03:03:42.696615+00:00,2026-09-22T03:03:42.696615+00:00,,,,,
cbwebsitedesign.co.uk,https://cbwebsitedesign.co.uk,Ahren Innovation Capital,vc_portfolio_page,2026-09-22T03:03:49.028997+00:00,2026-09-22T03:03:49.028997+00:00,,,,,
ahren.cbddev.com,https://ahren.cbddev.com,Ahren Innovation Capital,vc_portfolio_page,2026-09-22T03:03:49.048285+00:00,2026-09-22T03:03:49.048285+00:00,,,,,
aerospacelab.be,https://aerospacelab.be,Airbus Ventures,vc_portfolio_page,2026-09-22T03:03:55.895427+00:00,2026-09-22T03:03:55.895427+00:00,,,,,
angaza.com,https://angaza.com,Ajax Strategies,vc_portfolio_page,2026-09-22T03:03:56.892438+00:00,2026-09-22T03:03:56.892438+00:00,,,,,
descarteslabs.com,https://descarteslabs.com,Ajax Strategies,vc_portfolio_page,2026-09-22T03:03:56.908336+00:00,2026-09-22T03:03:56.908336+00:00,,,,,
gojitsu.com,https://gojitsu.com,Ajax Strategies,vc_portfolio_page,2026-09-22T03:03:56.923174+00:00,2026-09-22T03:03:56.923174+00:00,,,,,
midwesternbioag.com,https://midwesternbioag.com,Ajax Strategies,vc_portfolio_page,2026-09-22T03:03:56.938491+00:00,2026-09-22T03:03:56.938491+00:00,,,,,
ripplefoods.com,https://ripplefoods.com,Ajax Strategies,vc_portfolio_page,2026-09-22T03:03:56.953117+00:00,2026-09-22T03:03:56.953117+00:00,,,,,
arable.com,https://arable.com,Ajax Strategies,vc_portfolio_page,2026-09-22T03:03:56.984648+00:00,2026-09-22T03:03:56.984648+00:00,,,,,
enverid.com,https://enverid.com,Ajax Strategies,vc_portfolio_page,2026-09-22T03:03:56.999589+00:00,2026-09-22T03:03:56.999589+00:00,,,,,
ketos.co,https://ketos.co,Ajax Strategies,vc_portfolio_page,2026-09-22T03:03:57.014572+00:00,2026-09-22T03:03:57.014572+00:00,,,,,
miraterrasoil.com,https://miraterrasoil.com,Ajax Strategies,vc_portfolio_page,2026-09-22T03:03:57.028758+00:00,2026-09-22T03:03:57.028758+00:00,,,,,
sinai.com,https://sinai.com,Ajax Strategies,vc_portfolio_page,2026-09-22T03:03:57.044439+00:00,2026-09-22T03:03:57.044439+00:00,,,,,
thinkbright.mx,https://thinkbright.mx,Ajax Strategies,vc_portfolio_page,2026-09-22T03:03:57.060268+00:00,2026-09-22T03:03:57.060268+00:00,,,,,
gradientcomfort.com,https://gradientcomfort.com,Ajax Strategies,vc_portfolio_page,2026-09-22T03:03:57.075749+00:00,2026-09-22T03:03:57.075749+00:00,,,,,
li.me,https://li.me,Ajax Strategies,vc_portfolio_page,2026-09-22T03:03:57.094959+00:00,2026-09-22T03:03:57.094959+00:00,,,,,
natelenergy.com,https://natelenergy.com,Ajax Strategies,vc_portfolio_page,2026-09-22T03:03:57.117700+00:00,2026-09-22T03:03:57.117700+00:00,,,,,
terramera.com,https://terramera.com,Ajax Strategies,vc_portfolio_page,2026-09-22T03:03:57.134931+00:00,2026-09-22T03:03:57.134931+00:00,,,,,
catalera.com,https://catalera.com,Ajax Strategies,vc_portfolio_page,2026-09-22T03:03:57.156358+00:00,2026-09-22T03:03:57.156358+00:00,,,,,
goinfinitum.com,https://goinfinitum.com,Ajax Strategies,vc_portfolio_page,2026-09-22T03:03:57.172845+00:00,2026-09-22T03:03:57.172845+00:00,,,,,
getlumen.com,https://getlumen.com,Ajax Strategies,vc_portfolio_page,2026-09-22T03:03:57.195232+00:00,2026-09-22T03:03:57.195232+00:00,,,,,
regrow.ag,https://regrow.ag,Ajax Strategies,vc_portfolio_page,2026-09-22T03:03:57.215006+00:00,2026-09-22T03:03:57.215006+00:00,,,,,
upstream.tech,https://upstream.tech,Ajax Strategies,vc_portfolio_page,2026-09-22T03:03:57.236373+00:00,2026-09-22T03:03:57.236373+00:00,,,,,
automotivepower.com,https://automotivepower.com,Ajax Strategies,vc_portfolio_page,2026-09-22T03:03:57.256311+00:00,2026-09-22T03:03:57.256311+00:00,,,,,
planet.com,https://planet.com,Ajax Strategies,vc_portfolio_page,2026-09-22T03:03:57.278025+00:00,2026-09-22T03:03:57.278025+00:00,,,,,
sprucepower.com,https://sprucepower.com,Ajax Strategies,vc_portfolio_page,2026-09-22T03:03:57.300504+00:00,2026-09-22T03:03:57.300504+00:00,,,,,
greentechmedia.com,https://greentechmedia.com,Ajax Strategies,vc_portfolio_page,2026-09-22T03:03:57.322871+00:00,2026-09-22T03:03:57.322871+00:00,,,,,
proterra.com,https://proterra.com,Ajax Strategies,vc_portfolio_page,2026-09-22T03:03:57.338424+00:00,2026-09-22T03:03:57.338424+00:00,,,,,
geli.net,https://geli.net,Ajax Strategies,vc_portfolio_page,2026-09-22T03:03:57.360563+00:00,2026-09-22T03:03:57.360563+00:00,,,,,
ojjo.com,https://ojjo.com,Ajax Strategies,vc_portfolio_page,2026-09-22T03:03:57.404512+00:00,2026-09-22T03:03:57.404512+00:00,,,,,
watersmart.com,https://watersmart.com,Ajax Strategies,vc_portfolio_page,2026-09-22T03:03:57.423541+00:00,2026-09-22T03:03:57.423541+00:00,,,,,
circ.earth,https://circ.earth,Alante Capital,vc_portfolio_page,2026-09-22T03:03:58.388373+00:00,2026-09-22T03:03:58.388373+00:00,,,,,
mangomaterials.com,https://mangomaterials.com,Alante Capital,vc_portfolio_page,2026-09-22T03:03:58.403674+00:00,2026-09-22T03:03:58.403674+00:00,,,,,
fitmatch.ai,https://fitmatch.ai,Alante Capital,vc_portfolio_page,2026-09-22T03:03:58.419121+00:00,2026-09-22T03:03:58.419121+00:00,,,,,
novoloop.com,https://novoloop.com,Alante Capital,vc_portfolio_page,2026-09-22T03:03:58.435648+00:00,2026-09-22T03:03:58.435648+00:00,,,,,
joinflyp.com,https://joinflyp.com,Alante Capital,vc_portfolio_page,2026-09-22T03:03:58.451352+00:00,2026-09-22T03:03:58.451352+00:00,,,,,
swaythefuture.com,https://swaythefuture.com,Alante Capital,vc_portfolio_page,2026-09-22T03:03:58.476470+00:00,2026-09-22T03:03:58.476470+00:00,,,,,
lizee.co,https://lizee.co,Alante Capital,vc_portfolio_page,2026-09-22T03:03:58.494921+00:00,2026-09-22T03:03:58.494921+00:00,,,,,
heywindow.ai,https://heywindow.ai,Alante Capital,vc_portfolio_page,2026-09-22T03:03:58.517526+00:00,2026-09-22T03:03:58.517526+00:00,,,,,
treet.co,https://treet.co,Alante Capital,vc_portfolio_page,2026-09-22T03:03:58.537225+00:00,2026-09-22T03:03:58.537225+00:00,,,,,
zzdriggs.com,https://zzdriggs.com,Alante Capital,vc_portfolio_page,2026-09-22T03:03:58.559472+00:00,2026-09-22T03:03:58.559472+00:00,,,,,
retraced.com,https://retraced.com,Alante Capital,vc_portfolio_page,2026-09-22T03:03:58.581658+00:00,2026-09-22T03:03:58.581658+00:00,,,,,
insempra.bio,https://insempra.bio,Alante Capital,vc_portfolio_page,2026-09-22T03:03:58.605022+00:00,2026-09-22T03:03:58.605022+00:00,,,,,
matereal.co,https://matereal.co,Alante Capital,vc_portfolio_page,2026-09-22T03:03:58.628211+00:00,2026-09-22T03:03:58.628211+00:00,,,,,
fibe.uk,https://fibe.uk,Alante Capital,vc_portfolio_page,2026-09-22T03:03:58.651853+00:00,2026-09-22T03:03:58.651853+00:00,,,,,
manny-ai.com,https://manny-ai.com,Alante Capital,vc_portfolio_page,2026-09-22T03:03:58.673616+00:00,2026-09-22T03:03:58.673616+00:00,,,,,
relist.co,https://relist.co,Alante Capital,vc_portfolio_page,2026-09-22T03:03:58.697189+00:00,2026-09-22T03:03:58.697189+00:00,,,,,
musthad.com,https://musthad.com,Alante Capital,vc_portfolio_page,2026-09-22T03:03:58.718100+00:00,2026-09-22T03:03:58.718100+00:00,,,,,
coblros.com,https://coblros.com,Alante Capital,vc_portfolio_page,2026-09-22T03:03:58.739861+00:00,2026-09-22T03:03:58.739861+00:00,,,,,
platformeleven.io,https://platformeleven.io,Aligned Climate Capital,vc_portfolio_page,2026-09-22T03:04:04.619061+00:00,2026-09-22T03:04:04.619061+00:00,,,,,
aliment.sensrportal.com,https://aliment.sensrportal.com,Aliment Capital,vc_portfolio_page,2026-09-22T03:04:10.567410+00:00,2026-09-22T03:04:10.567410+00:00,,,,,
tekion.com,https://tekion.com,Alliance Ventures,vc_portfolio_page,2026-09-22T03:04:11.952641+00:00,2026-09-22T03:04:11.952641+00:00,,,,,
weride.ai,https://weride.ai,Alliance Ventures,vc_portfolio_page,2026-09-22T03:04:11.967325+00:00,2026-09-22T03:04:11.967325+00:00,,,,,
enevate.com,https://enevate.com,Alliance Ventures,vc_portfolio_page,2026-09-22T03:04:11.983482+00:00,2026-09-22T03:04:11.983482+00:00,,,,,
kalrayinc.com,https://kalrayinc.com,Alliance Ventures,vc_portfolio_page,2026-09-22T03:04:11.998618+00:00,2026-09-22T03:04:11.998618+00:00,,,,,
otonomo.io,https://otonomo.io,Alliance Ventures,vc_portfolio_page,2026-09-22T03:04:12.013616+00:00,2026-09-22T03:04:12.013616+00:00,,,,,
powershare.com.cn,https://powershare.com.cn,Alliance Ventures,vc_portfolio_page,2026-09-22T03:04:12.029426+00:00,2026-09-22T03:04:12.029426+00:00,,,,,
upstream.auto,https://upstream.auto,Alliance Ventures,vc_portfolio_page,2026-09-22T03:04:12.043505+00:00,2026-09-22T03:04:12.043505+00:00,,,,,
mobilityhouse.com,https://mobilityhouse.com,Alliance Ventures,vc_portfolio_page,2026-09-22T03:04:12.058501+00:00,2026-09-22T03:04:12.058501+00:00,,,,,
transitapp.com,https://transitapp.com,Alliance Ventures,vc_portfolio_page,2026-09-22T03:04:12.072683+00:00,2026-09-22T03:04:12.072683+00:00,,,,,
maniv.com,https://maniv.com,Alliance Ventures,vc_portfolio_page,2026-09-22T03:04:12.088754+00:00,2026-09-22T03:04:12.088754+00:00,,,,,
renaultgroup.com,https://renaultgroup.com,Alliance Ventures,vc_portfolio_page,2026-09-22T03:04:12.103778+00:00,2026-09-22T03:04:12.103778+00:00,,,,,
nissan-global.com,https://nissan-global.com,Alliance Ventures,vc_portfolio_page,2026-09-22T03:04:12.118898+00:00,2026-09-22T03:04:12.118898+00:00,,,,,
mitsubishi-motors.com,https://mitsubishi-motors.com,Alliance Ventures,vc_portfolio_page,2026-09-22T03:04:12.133337+00:00,2026-09-22T03:04:12.133337+00:00,,,,,
viewpoint.cscgfm.com,https://viewpoint.cscgfm.com,Angeleno Group,vc_portfolio_page,2026-09-22T03:04:33.687892+00:00,2026-09-22T03:04:33.687892+00:00,,,,,
6kadditive.com,https://6kadditive.com,Anzu Partners,vc_portfolio_page,2026-09-22T03:04:37.330663+00:00,2026-09-22T03:04:37.330663+00:00,,,,,
additiveflow.com,https://additiveflow.com,Anzu Partners,vc_portfolio_page,2026-09-22T03:04:37.352830+00:00,2026-09-22T03:04:37.352830+00:00,,,,,
ai-media.tv,https://ai-media.tv,Anzu Partners,vc_portfolio_page,2026-09-22T03:04:37.369678+00:00,2026-09-22T03:04:37.369678+00:00,,,,,
aptatek.com,https://aptatek.com,Anzu Partners,vc_portfolio_page,2026-09-22T03:04:37.390027+00:00,2026-09-22T03:04:37.390027+00:00,,,,,
axsun.com,https://axsun.com,Anzu Partners,vc_portfolio_page,2026-09-22T03:04:37.404982+00:00,2026-09-22T03:04:37.404982+00:00,,,,,
banyanbio.com,https://banyanbio.com,Anzu Partners,vc_portfolio_page,2026-09-22T03:04:37.420906+00:00,2026-09-22T03:04:37.420906+00:00,,,,,
cyrusbio.com,https://cyrusbio.com,Anzu Partners,vc_portfolio_page,2026-09-22T03:04:37.438112+00:00,2026-09-22T03:04:37.438112+00:00,,,,,
enachip.com,https://enachip.com,Anzu Partners,vc_portfolio_page,2026-09-22T03:04:37.454503+00:00,2026-09-22T03:04:37.454503+00:00,,,,,
exyn.com,https://exyn.com,Anzu Partners,vc_portfolio_page,2026-09-22T03:04:37.470585+00:00,2026-09-22T03:04:37.470585+00:00,,,,,
lightshipworks.com,https://lightshipworks.com,Anzu Partners,vc_portfolio_page,2026-09-22T03:04:37.486853+00:00,2026-09-22T03:04:37.486853+00:00,,,,,
lumiode.com,https://lumiode.com,Anzu Partners,vc_portfolio_page,2026-09-22T03:04:37.501746+00:00,2026-09-22T03:04:37.501746+00:00,,,,,
mobilionsystems.com,https://mobilionsystems.com,Anzu Partners,vc_portfolio_page,2026-09-22T03:04:37.516915+00:00,2026-09-22T03:04:37.516915+00:00,,,,,
plm.automation.siemens.com,https://plm.automation.siemens.com,Anzu Partners,vc_portfolio_page,2026-09-22T03:04:37.532823+00:00,2026-09-22T03:04:37.532823+00:00,,,,,
optimeos.com,https://optimeos.com,Anzu Partners,vc_portfolio_page,2026-09-22T03:04:37.547983+00:00,2026-09-22T03:04:37.547983+00:00,,,,,
pivotalsys.com,https://pivotalsys.com,Anzu Partners,vc_portfolio_page,2026-09-22T03:04:37.563463+00:00,2026-09-22T03:04:37.563463+00:00,,,,,
voxeljet.com,https://voxeljet.com,Anzu Partners,vc_portfolio_page,2026-09-22T03:04:37.580439+00:00,2026-09-22T03:04:37.580439+00:00,,,,,
dynamo.dynamosoftware.com,https://dynamo.dynamosoftware.com,Anzu Partners;Arborview Capital,vc_portfolio_page,2026-09-22T03:04:37.595691+00:00,2026-09-22T03:04:46.342970+00:00,,,,,
teragenenergy.com,https://teragenenergy.com,AP Ventures,vc_portfolio_page,2026-09-22T03:04:40.804536+00:00,2026-09-22T03:04:40.804536+00:00,,,,,
crewcarbon.com,https://crewcarbon.com,AP Ventures,vc_portfolio_page,2026-09-22T03:04:40.820798+00:00,2026-09-22T03:04:40.820798+00:00,,,,,
lydianlabs.com,https://lydianlabs.com,AP Ventures,vc_portfolio_page,2026-09-22T03:04:40.840478+00:00,2026-09-22T03:04:40.840478+00:00,,,,,
rubi.earth,https://rubi.earth,AP Ventures,vc_portfolio_page,2026-09-22T03:04:40.859222+00:00,2026-09-22T03:04:40.859222+00:00,,,,,
rosysoil.com,https://rosysoil.com,AP Ventures,vc_portfolio_page,2026-09-22T03:04:40.880222+00:00,2026-09-22T03:04:40.880222+00:00,,,,,
attributes.digital,https://attributes.digital,AP Ventures,vc_portfolio_page,2026-09-22T03:04:40.896641+00:00,2026-09-22T03:04:40.896641+00:00,,,,,
snowfoxdiscovery.com,https://snowfoxdiscovery.com,AP Ventures,vc_portfolio_page,2026-09-22T03:04:40.913573+00:00,2026-09-22T03:04:40.913573+00:00,,,,,
mitico.tech,https://mitico.tech,AP Ventures,vc_portfolio_page,2026-09-22T03:04:40.933744+00:00,2026-09-22T03:04:40.933744+00:00,,,,,
aetherfuels.com,https://aetherfuels.com,AP Ventures,vc_portfolio_page,2026-09-22T03:04:40.952316+00:00,2026-09-22T03:04:40.952316+00:00,,,,,
airhive.earth,https://airhive.earth,AP Ventures,vc_portfolio_page,2026-09-22T03:04:40.976368+00:00,2026-09-22T03:04:40.976368+00:00,,,,,
immaterial.com,https://immaterial.com,AP Ventures,vc_portfolio_page,2026-09-22T03:04:40.997584+00:00,2026-09-22T03:04:40.997584+00:00,,,,,
hyper-motive.com,https://hyper-motive.com,AP Ventures,vc_portfolio_page,2026-09-22T03:04:41.023368+00:00,2026-09-22T03:04:41.023368+00:00,,,,,
plugpower.com,https://plugpower.com,AP Ventures,vc_portfolio_page,2026-09-22T03:04:41.045781+00:00,2026-09-22T03:04:41.045781+00:00,,,,,
fabrum.nz,https://fabrum.nz,AP Ventures,vc_portfolio_page,2026-09-22T03:04:41.070917+00:00,2026-09-22T03:04:41.070917+00:00,,,,,
fairbrics.co,https://fairbrics.co,AP Ventures,vc_portfolio_page,2026-09-22T03:04:41.103506+00:00,2026-09-22T03:04:41.103506+00:00,,,,,
ehgroup.ch,https://ehgroup.ch,AP Ventures,vc_portfolio_page,2026-09-22T03:04:41.125725+00:00,2026-09-22T03:04:41.125725+00:00,,,,,
noblegassystems.com,https://noblegassystems.com,AP Ventures,vc_portfolio_page,2026-09-22T03:04:41.149263+00:00,2026-09-22T03:04:41.149263+00:00,,,,,
zeroavia.com,https://zeroavia.com,AP Ventures,vc_portfolio_page,2026-09-22T03:04:41.173011+00:00,2026-09-22T03:04:41.173011+00:00,,,,,
hazergroup.com.au,https://hazergroup.com.au,AP Ventures,vc_portfolio_page,2026-09-22T03:04:41.193863+00:00,2026-09-22T03:04:41.193863+00:00,,,,,
amogy.co,https://amogy.co,AP Ventures;Aramco Ventures,vc_portfolio_page,2026-09-22T03:04:41.220007+00:00,2026-09-22T03:04:44.500404+00:00,,,,,
hystar.org,https://hystar.org,AP Ventures,vc_portfolio_page,2026-09-22T03:04:41.244537+00:00,2026-09-22T03:04:41.244537+00:00,,,,,
infiniumco.com,https://infiniumco.com,AP Ventures,vc_portfolio_page,2026-09-22T03:04:41.267671+00:00,2026-09-22T03:04:41.267671+00:00,,,,,
hpnow.eu,https://hpnow.eu,AP Ventures,vc_portfolio_page,2026-09-22T03:04:41.291597+00:00,2026-09-22T03:04:41.291597+00:00,,,,,
hyetgroup.com,https://hyetgroup.com,AP Ventures,vc_portfolio_page,2026-09-22T03:04:41.309733+00:00,2026-09-22T03:04:41.309733+00:00,,,,,
greyrock.com,https://greyrock.com,AP Ventures,vc_portfolio_page,2026-09-22T03:04:41.333280+00:00,2026-09-22T03:04:41.333280+00:00,,,,,
unitedhydrogen.com,https://unitedhydrogen.com,AP Ventures,vc_portfolio_page,2026-09-22T03:04:41.350167+00:00,2026-09-22T03:04:41.350167+00:00,,,,,
hydrogenious.net,https://hydrogenious.net,AP Ventures,vc_portfolio_page,2026-09-22T03:04:41.367210+00:00,2026-09-22T03:04:41.367210+00:00,,,,,
fca.org.uk,https://fca.org.uk,AP Ventures,vc_portfolio_page,2026-09-22T03:04:41.385889+00:00,2026-09-22T03:04:41.385889+00:00,,,,,
aramcoventures.jobs.hr.cloud.sap,https://aramcoventures.jobs.hr.cloud.sap,Aramco Ventures,vc_portfolio_page,2026-09-22T03:04:44.095956+00:00,2026-09-22T03:04:44.095956+00:00,,,,,
parallelcarbon.com,https://parallelcarbon.com,Aramco Ventures,vc_portfolio_page,2026-09-22T03:04:44.112199+00:00,2026-09-22T03:04:44.112199+00:00,,,,,
ucaneo.com,https://ucaneo.com,Aramco Ventures,vc_portfolio_page,2026-09-22T03:04:44.128524+00:00,2026-09-22T03:04:44.128524+00:00,,,,,
hydo.tech,https://hydo.tech,Aramco Ventures,vc_portfolio_page,2026-09-22T03:04:44.145533+00:00,2026-09-22T03:04:44.145533+00:00,,,,,
prometheanparticles.co.uk,https://prometheanparticles.co.uk,Aramco Ventures,vc_portfolio_page,2026-09-22T03:04:44.161660+00:00,2026-09-22T03:04:44.161660+00:00,,,,,
xpansiv.com,https://xpansiv.com,Aramco Ventures,vc_portfolio_page,2026-09-22T03:04:44.182499+00:00,2026-09-22T03:04:44.182499+00:00,,,,,
graphenergytech.com,https://graphenergytech.com,Aramco Ventures,vc_portfolio_page,2026-09-22T03:04:44.199012+00:00,2026-09-22T03:04:44.199012+00:00,,,,,
spiritus.com,https://spiritus.com,Aramco Ventures,vc_portfolio_page,2026-09-22T03:04:44.216237+00:00,2026-09-22T03:04:44.216237+00:00,,,,,
aeroseal.com,https://aeroseal.com,Aramco Ventures,vc_portfolio_page,2026-09-22T03:04:44.235074+00:00,2026-09-22T03:04:44.235074+00:00,,,,,
redex.eco,https://redex.eco,Aramco Ventures,vc_portfolio_page,2026-09-22T03:04:44.252239+00:00,2026-09-22T03:04:44.252239+00:00,,,,,
bostonmetal.com,https://bostonmetal.com,Aramco Ventures,vc_portfolio_page,2026-09-22T03:04:44.268051+00:00,2026-09-22T03:04:44.268051+00:00,,,,,
rondo.com,https://rondo.com,Aramco Ventures,vc_portfolio_page,2026-09-22T03:04:44.285154+00:00,2026-09-22T03:04:44.285154+00:00,,,,,
oxccu.com,https://oxccu.com,Aramco Ventures,vc_portfolio_page,2026-09-22T03:04:44.300507+00:00,2026-09-22T03:04:44.300507+00:00,,,,,
noon.energy,https://noon.energy,Aramco Ventures,vc_portfolio_page,2026-09-22T03:04:44.316101+00:00,2026-09-22T03:04:44.316101+00:00,,,,,
plasmonics.tech,https://plasmonics.tech,Aramco Ventures,vc_portfolio_page,2026-09-22T03:04:44.331696+00:00,2026-09-22T03:04:44.331696+00:00,,,,,
numat.tech,https://numat.tech,Aramco Ventures,vc_portfolio_page,2026-09-22T03:04:44.352271+00:00,2026-09-22T03:04:44.352271+00:00,,,,,
carbonclean.com,https://carbonclean.com,Aramco Ventures,vc_portfolio_page,2026-09-22T03:04:44.368468+00:00,2026-09-22T03:04:44.368468+00:00,,,,,
novomer.com,https://novomer.com,Aramco Ventures,vc_portfolio_page,2026-09-22T03:04:44.385631+00:00,2026-09-22T03:04:44.385631+00:00,,,,,
formenergy.com,https://formenergy.com,Aramco Ventures,vc_portfolio_page,2026-09-22T03:04:44.402578+00:00,2026-09-22T03:04:44.402578+00:00,,,,,
enervenue.com,https://enervenue.com,Aramco Ventures,vc_portfolio_page,2026-09-22T03:04:44.420318+00:00,2026-09-22T03:04:44.420318+00:00,,,,,
energyvault.com,https://energyvault.com,Aramco Ventures,vc_portfolio_page,2026-09-22T03:04:44.435292+00:00,2026-09-22T03:04:44.435292+00:00,,,,,
nexwafe.com,https://nexwafe.com,Aramco Ventures,vc_portfolio_page,2026-09-22T03:04:44.451199+00:00,2026-09-22T03:04:44.451199+00:00,,,,,
hydrogen-mem-tech.com,https://hydrogen-mem-tech.com,Aramco Ventures,vc_portfolio_page,2026-09-22T03:04:44.467418+00:00,2026-09-22T03:04:44.467418+00:00,,,,,
utility.global,https://utility.global,Aramco Ventures,vc_portfolio_page,2026-09-22T03:04:44.482344+00:00,2026-09-22T03:04:44.482344+00:00,,,,,
grandperspective.de,https://grandperspective.de,Aramco Ventures,vc_portfolio_page,2026-09-22T03:04:44.518526+00:00,2026-09-22T03:04:44.518526+00:00,,,,,
htmaterialsscience.com,https://htmaterialsscience.com,Aramco Ventures,vc_portfolio_page,2026-09-22T03:04:44.535262+00:00,2026-09-22T03:04:44.535262+00:00,,,,,
utilidata.com,https://utilidata.com,Aramco Ventures,vc_portfolio_page,2026-09-22T03:04:44.551238+00:00,2026-09-22T03:04:44.551238+00:00,,,,,
daphnetechnology.com,https://daphnetechnology.com,Aramco Ventures,vc_portfolio_page,2026-09-22T03:04:44.567878+00:00,2026-09-22T03:04:44.567878+00:00,,,,,
oxymem.com,https://oxymem.com,Aramco Ventures,vc_portfolio_page,2026-09-22T03:04:44.584354+00:00,2026-09-22T03:04:44.584354+00:00,,,,,
arkestro.com,https://arkestro.com,Aramco Ventures,vc_portfolio_page,2026-09-22T03:04:44.600286+00:00,2026-09-22T03:04:44.600286+00:00,,,,,
cumulusds.com,https://cumulusds.com,Aramco Ventures,vc_portfolio_page,2026-09-22T03:04:44.616191+00:00,2026-09-22T03:04:44.616191+00:00,,,,,
dexmat.com,https://dexmat.com,Aramco Ventures,vc_portfolio_page,2026-09-22T03:04:44.632885+00:00,2026-09-22T03:04:44.632885+00:00,,,,,
inductosense.com,https://inductosense.com,Aramco Ventures,vc_portfolio_page,2026-09-22T03:04:44.648938+00:00,2026-09-22T03:04:44.648938+00:00,,,,,
anybotics.com,https://anybotics.com,Aramco Ventures,vc_portfolio_page,2026-09-22T03:04:44.664793+00:00,2026-09-22T03:04:44.664793+00:00,,,,,
archlet.io,https://archlet.io,Aramco Ventures,vc_portfolio_page,2026-09-22T03:04:44.680757+00:00,2026-09-22T03:04:44.680757+00:00,,,,,
earthanalytics.ai,https://earthanalytics.ai,Aramco Ventures,vc_portfolio_page,2026-09-22T03:04:44.697096+00:00,2026-09-22T03:04:44.697096+00:00,,,,,
foghorn-systems.com,https://foghorn-systems.com,Aramco Ventures,vc_portfolio_page,2026-09-22T03:04:44.714088+00:00,2026-09-22T03:04:44.714088+00:00,,,,,
maana.io,https://maana.io,Aramco Ventures,vc_portfolio_page,2026-09-22T03:04:44.730603+00:00,2026-09-22T03:04:44.730603+00:00,,,,,
seeq.com,https://seeq.com,Aramco Ventures,vc_portfolio_page,2026-09-22T03:04:44.751024+00:00,2026-09-22T03:04:44.751024+00:00,,,,,
3yourmind.com,https://3yourmind.com,Aramco Ventures,vc_portfolio_page,2026-09-22T03:04:44.770551+00:00,2026-09-22T03:04:44.770551+00:00,,,,,
desktopmetal.com,https://desktopmetal.com,Aramco Ventures,vc_portfolio_page,2026-09-22T03:04:44.790011+00:00,2026-09-22T03:04:44.790011+00:00,,,,,
nexa3d.com,https://nexa3d.com,Aramco Ventures,vc_portfolio_page,2026-09-22T03:04:44.808208+00:00,2026-09-22T03:04:44.808208+00:00,,,,,
datagumbo.com,https://datagumbo.com,Aramco Ventures,vc_portfolio_page,2026-09-22T03:04:44.825396+00:00,2026-09-22T03:04:44.825396+00:00,,,,,
tradego.com,https://tradego.com,Aramco Ventures,vc_portfolio_page,2026-09-22T03:04:44.841579+00:00,2026-09-22T03:04:44.841579+00:00,,,,,
vakt.com,https://vakt.com,Aramco Ventures,vc_portfolio_page,2026-09-22T03:04:44.859418+00:00,2026-09-22T03:04:44.859418+00:00,,,,,
attackiq.com,https://attackiq.com,Aramco Ventures,vc_portfolio_page,2026-09-22T03:04:44.879046+00:00,2026-09-22T03:04:44.879046+00:00,,,,,
capsule8.com,https://capsule8.com,Aramco Ventures,vc_portfolio_page,2026-09-22T03:04:44.895400+00:00,2026-09-22T03:04:44.895400+00:00,,,,,
dragos.com,https://dragos.com,Aramco Ventures,vc_portfolio_page,2026-09-22T03:04:44.912691+00:00,2026-09-22T03:04:44.912691+00:00,,,,,
xage.com,https://xage.com,Aramco Ventures,vc_portfolio_page,2026-09-22T03:04:44.928809+00:00,2026-09-22T03:04:44.928809+00:00,,,,,
getupside.com,https://getupside.com,Aramco Ventures,vc_portfolio_page,2026-09-22T03:04:44.945074+00:00,2026-09-22T03:04:44.945074+00:00,,,,,
pixovr.com,https://pixovr.com,Aramco Ventures,vc_portfolio_page,2026-09-22T03:04:44.980640+00:00,2026-09-22T03:04:44.980640+00:00,,,,,
908devices.com,https://908devices.com,Aramco Ventures,vc_portfolio_page,2026-09-22T03:04:44.999280+00:00,2026-09-22T03:04:44.999280+00:00,,,,,
clarkeindustrialengineering.com,https://clarkeindustrialengineering.com,Aramco Ventures,vc_portfolio_page,2026-09-22T03:04:45.019047+00:00,2026-09-22T03:04:45.019047+00:00,,,,,
conxtech.com,https://conxtech.com,Aramco Ventures,vc_portfolio_page,2026-09-22T03:04:45.035064+00:00,2026-09-22T03:04:45.035064+00:00,,,,,
corrosionradar.com,https://corrosionradar.com,Aramco Ventures,vc_portfolio_page,2026-09-22T03:04:45.052137+00:00,2026-09-22T03:04:45.052137+00:00,,,,,
rivetechnology.com,https://rivetechnology.com,Aramco Ventures,vc_portfolio_page,2026-09-22T03:04:45.069049+00:00,2026-09-22T03:04:45.069049+00:00,,,,,
specialtyrtp.com,https://specialtyrtp.com,Aramco Ventures,vc_portfolio_page,2026-09-22T03:04:45.086342+00:00,2026-09-22T03:04:45.086342+00:00,,,,,
strohm.eu,https://strohm.eu,Aramco Ventures,vc_portfolio_page,2026-09-22T03:04:45.103108+00:00,2026-09-22T03:04:45.103108+00:00,,,,,
zahroofvalves.com,https://zahroofvalves.com,Aramco Ventures,vc_portfolio_page,2026-09-22T03:04:45.122769+00:00,2026-09-22T03:04:45.122769+00:00,,,,,
zilift.com,https://zilift.com,Aramco Ventures,vc_portfolio_page,2026-09-22T03:04:45.140195+00:00,2026-09-22T03:04:45.140195+00:00,,,,,
gryphonoilfield.com,https://gryphonoilfield.com,Aramco Ventures,vc_portfolio_page,2026-09-22T03:04:45.156214+00:00,2026-09-22T03:04:45.156214+00:00,,,,,
sekal.com,https://sekal.com,Aramco Ventures,vc_portfolio_page,2026-09-22T03:04:45.172325+00:00,2026-09-22T03:04:45.172325+00:00,,,,,
well-sense.co.uk,https://well-sense.co.uk,Aramco Ventures,vc_portfolio_page,2026-09-22T03:04:45.189277+00:00,2026-09-22T03:04:45.189277+00:00,,,,,
veretek.com,https://veretek.com,Aramco Ventures,vc_portfolio_page,2026-09-22T03:04:45.204516+00:00,2026-09-22T03:04:45.204516+00:00,,,,,
inflowcontrol.no,https://inflowcontrol.no,Aramco Ventures,vc_portfolio_page,2026-09-22T03:04:45.222586+00:00,2026-09-22T03:04:45.222586+00:00,,,,,
targetintervention.no,https://targetintervention.no,Aramco Ventures,vc_portfolio_page,2026-09-22T03:04:45.240714+00:00,2026-09-22T03:04:45.240714+00:00,,,,,
paradigm.eu,https://paradigm.eu,Aramco Ventures,vc_portfolio_page,2026-09-22T03:04:45.259598+00:00,2026-09-22T03:04:45.259598+00:00,,,,,
antech.co.uk,https://antech.co.uk,Aramco Ventures,vc_portfolio_page,2026-09-22T03:04:45.276101+00:00,2026-09-22T03:04:45.276101+00:00,,,,,
thinkalpen.com,https://thinkalpen.com,Arborview Capital,vc_portfolio_page,2026-09-22T03:04:46.359944+00:00,2026-09-22T03:04:46.359944+00:00,,,,,
coppercowcoffee.com,https://coppercowcoffee.com,Arborview Capital,vc_portfolio_page,2026-09-22T03:04:46.376199+00:00,2026-09-22T03:04:46.376199+00:00,,,,,
elephantenergy.com,https://elephantenergy.com,Arborview Capital,vc_portfolio_page,2026-09-22T03:04:46.392059+00:00,2026-09-22T03:04:46.392059+00:00,,,,,
goodculture.com,https://goodculture.com,Arborview Capital,vc_portfolio_page,2026-09-22T03:04:46.407755+00:00,2026-09-22T03:04:46.407755+00:00,,,,,
kite-hill.com,https://kite-hill.com,Arborview Capital,vc_portfolio_page,2026-09-22T03:04:46.423510+00:00,2026-09-22T03:04:46.423510+00:00,,,,,
pakal-tech.com,https://pakal-tech.com,Arborview Capital,vc_portfolio_page,2026-09-22T03:04:46.441699+00:00,2026-09-22T03:04:46.441699+00:00,,,,,
perchenergy.com,https://perchenergy.com,Arborview Capital,vc_portfolio_page,2026-09-22T03:04:46.458324+00:00,2026-09-22T03:04:46.458324+00:00,,,,,
soliorganic.com,https://soliorganic.com,Arborview Capital,vc_portfolio_page,2026-09-22T03:04:46.474627+00:00,2026-09-22T03:04:46.474627+00:00,,,,,
soupergirl.com,https://soupergirl.com,Arborview Capital,vc_portfolio_page,2026-09-22T03:04:46.491366+00:00,2026-09-22T03:04:46.491366+00:00,,,,,
temperpack.com,https://temperpack.com,Arborview Capital,vc_portfolio_page,2026-09-22T03:04:46.506689+00:00,2026-09-22T03:04:46.506689+00:00,,,,,
rachio.com,https://rachio.com,Arborview Capital,vc_portfolio_page,2026-09-22T03:04:46.528167+00:00,2026-09-22T03:04:46.528167+00:00,,,,,
vitalfarms.com,https://vitalfarms.com,Arborview Capital,vc_portfolio_page,2026-09-22T03:04:46.546172+00:00,2026-09-22T03:04:46.546172+00:00,,,,,
drexmet.com,https://drexmet.com,Arborview Capital,vc_portfolio_page,2026-09-22T03:04:46.562089+00:00,2026-09-22T03:04:46.562089+00:00,,,,,
lrienergysolutions.com,https://lrienergysolutions.com,Arborview Capital,vc_portfolio_page,2026-09-22T03:04:46.580410+00:00,2026-09-22T03:04:46.580410+00:00,,,,,
paragonairheater.com,https://paragonairheater.com,Arborview Capital,vc_portfolio_page,2026-09-22T03:04:46.596817+00:00,2026-09-22T03:04:46.596817+00:00,,,,,
impactcapitalmanagers.com,https://impactcapitalmanagers.com,Arborview Capital,vc_portfolio_page,2026-09-22T03:04:46.618526+00:00,2026-09-22T03:04:46.618526+00:00,,,,,
sdgs.un.org,https://sdgs.un.org,Arborview Capital,vc_portfolio_page,2026-09-22T03:04:46.642571+00:00,2026-09-22T03:04:46.642571+00:00,,,,,
impactassets.org,https://impactassets.org,Arborview Capital,vc_portfolio_page,2026-09-22T03:04:46.664942+00:00,2026-09-22T03:04:46.664942+00:00,,,,,
elevaterenewablesenergy.com,https://elevaterenewablesenergy.com,ArcLight,vc_portfolio_page,2026-09-22T03:04:50.386642+00:00,2026-09-22T03:04:50.386642+00:00,,,,,
recsolar.com,https://recsolar.com,ArcLight,vc_portfolio_page,2026-09-22T03:04:50.403120+00:00,2026-09-22T03:04:50.403120+00:00,,,,,
infinigenrenewables.com,https://infinigenrenewables.com,ArcLight,vc_portfolio_page,2026-09-22T03:04:50.419633+00:00,2026-09-22T03:04:50.419633+00:00,,,,,
pipeportal.kindermorgan.com,https://pipeportal.kindermorgan.com,ArcLight,vc_portfolio_page,2026-09-22T03:04:50.435655+00:00,2026-09-22T03:04:50.435655+00:00,,,,,
greatriverhydro.com,https://greatriverhydro.com,ArcLight,vc_portfolio_page,2026-09-22T03:04:50.450962+00:00,2026-09-22T03:04:50.450962+00:00,,,,,
365.pinnaclefundservices.com,https://365.pinnaclefundservices.com,ArcTern Ventures,vc_portfolio_page,2026-09-22T03:04:51.577865+00:00,2026-09-22T03:04:51.577865+00:00,,,,,
