name,website,investor_types,jobs_board_url,jobs_board_platform,jobs_board_how_found,portfolio_page_url,portfolio_extraction_method,portfolio_company_count,last_crawled_at,notes
2150,https://2150.vc,Pre-seed / Seed;Early-stage;Late-stage,https://2150.getro.com/jobs,getro (likely),homepage link,,,,2026-09-22T03:03:06.328067+00:00,no portfolio page found (link or guess)
360 Capital,https://www.360cap.vc/,Pre-seed / Seed;Early-stage,https://jobs.360cap.vc,consider,path/subdomain guess,https://www.360cap.vc/portfolio,homepage link,,2026-09-22T03:03:07.452144+00:00,page found but no outbound company links extracted
4impact Capital,https://www.4impact.vc/,Pre-seed / Seed;Early-stage,https://jobs.4impact.vc,unknown,path/subdomain guess,https://www.4impact.vc/portfolio,homepage link,24,2026-09-22T03:03:08.410541+00:00,
8090 Industries,https://www.8090industries.com/,Pre-seed / Seed;Early-stage;Late-stage,,,,https://8090industries.com/portfolio,path guess,2,2026-09-22T03:03:10.747508+00:00,no jobs page found (link or guess)
ABB Ventures,https://global.abb/group/en/technology/ventures,Corporate VC,,,,,,,2026-09-22T03:03:14.288303+00:00,no portfolio page found (link or guess)
Acario Innovation,https://acarioinnovation.com,Corporate VC,,,,,,,2026-09-22T03:03:19.145535+00:00,no portfolio page found (link or guess)
Accelr8,https://www.accelr8.com/,Pre-seed / Seed;Early-stage,,,,https://www.accelr8.com/companies,homepage link,,2026-09-22T03:03:20.143537+00:00,page found but no outbound company links extracted
Acre Venture Partners,http://acre.vc/,Early-stage;Late-stage,,,,,,,2026-09-22T03:03:22.163037+00:00,no portfolio page found (link or guess)
Activate Capital Partners,https://activatecp.com/,Early-stage;Late-stage;Growth,,,,https://activatecp.com/portfolio,homepage link,33,2026-09-22T03:03:25.061843+00:00,no jobs page found (link or guess)
Active Impact Investments,https://www.activeimpactinvestments.com,Pre-seed / Seed;Early-stage,,,,https://www.activeimpactinvestments.com/our-portfolio,homepage link,,2026-09-22T03:03:26.963380+00:00,page found but no outbound company links extracted
ADB Ventures,https://ventures.adb.org,Pre-seed / Seed;Early-stage,,,,,,,2026-09-22T03:03:29.401187+00:00,homepage fetch failed (403)
ADM Ventures,https://www.adm.com/products-services/admventures,Corporate VC,,,,,,,2026-09-22T03:03:30.235997+00:00,homepage fetch failed (404)
AENU,https://www.aenu.com,Pre-seed / Seed;Early-stage,https://jobs.aenu.com/jobs,getro (likely),homepage link,https://www.aenu.com/portfolio/,homepage link,2,2026-09-22T03:03:31.782669+00:00,
Aera VC,https://www.aera.vc,Pre-seed / Seed;Early-stage,,,,https://www.aera.vc/our-portfolio/,homepage link,25,2026-09-22T03:03:41.334228+00:00,no jobs page found (link or guess)
AgFunder,http://agfunder.com,Pre-seed / Seed;Early-stage,https://agfunder.com/careers/,wordpress (wp job manager) - check for RSS feed,homepage link,https://agfunder.com/portfolio/,homepage link,2,2026-09-22T03:03:42.667823+00:00,
Ahren Innovation Capital,http://www.ahreninnovationcapital.com/,Pre-seed / Seed;Early-stage;Late-stage,,,,https://www.ahreninnovationcapital.com/companies/,homepage link,2,2026-09-22T03:03:49.014308+00:00,no jobs page found (link or guess)
AiiM Partners,https://www.aiimpartners.com/,Early-stage,,,,,,,2026-09-22T03:03:54.806375+00:00,no portfolio page found (link or guess)
Airbus Ventures,http://www.airbusventures.vc/,Corporate VC,http://jobs.airbusventures.vc,consider,path/subdomain guess,http://www.airbusventures.vc/portfolio,homepage link,1,2026-09-22T03:03:55.879233+00:00,
Ajax Strategies,https://www.ajaxinvestmentstrategies.com/,Early-stage;Late-stage,,,,https://www.ajaxinvestmentstrategies.com/portfolio,homepage link,30,2026-09-22T03:03:56.876704+00:00,no jobs page found (link or guess)
Alante Capital,https://www.alantecapital.com/,Pre-seed / Seed;Early-stage,,,,https://www.alantecapital.com/portfolio,homepage link,18,2026-09-22T03:03:58.370988+00:00,no jobs page found (link or guess)
Alexandria Venture Investments,http://www.are.com/venture-investments.html,Corporate VC,http://are.com/jobs,empty/blocked response,path/subdomain guess,http://are.com/portfolio,path guess,,2026-09-22T03:03:59.939942+00:00,page found but no outbound company links extracted
Aligned Climate Capital,https://www.alignedclimatecapital.com/,Pre-seed / Seed;Early-stage;Emerging Infrastructure,https://alignedclimatecapital.com/careers/,unknown,homepage link,https://www.alignedclimatecapital.com/portfolio,homepage link,1,2026-09-22T03:04:04.604502+00:00,
Aliment Capital,https://www.alimentcap.com,Early-stage;Late-stage;Growth,https://alimentcap.com/careers,unknown,path/subdomain guess,https://www.alimentcap.com/portfolio,homepage link,1,2026-09-22T03:04:10.552331+00:00,
Alliance Ventures,https://alliancernm.com/home-alliance/alliance-ventures/,Corporate VC,,,,https://alliancernm.com/home-alliance/alliance-ventures/portfolio/,homepage link,13,2026-09-22T03:04:11.937362+00:00,no jobs page found (link or guess)
Almi Invest,https://www.almi.se/en/venture-capital/,Pre-seed / Seed;Early-stage,https://www.almi.se/en/om-almi/Career/,unknown,homepage link,,,,2026-09-22T03:04:15.008870+00:00,no portfolio page found (link or guess)
Alpha Future Funds,https://alphafuturefunds.com/,Early-stage;Late-stage,,,,,,,2026-09-22T03:04:16.116367+00:00,homepage fetch failed (403)
Amasia,https://www.amasia.vc,Pre-seed / Seed;Early-stage,,,,https://www.amasia.vc/portfolio,homepage link,,2026-09-22T03:04:17.149516+00:00,page found but no outbound company links extracted
Amazon Climate Pledge Fund,https://www.theclimatepledge.com/us/en,Corporate VC,,,,,,,2026-09-22T03:04:21.373574+00:00,no portfolio page found (link or guess)
American Century Investments,https://www.americancentury.com,Early-stage,https://www.americancentury.com/about/careers/,unknown,homepage link,,,,2026-09-22T03:04:29.181387+00:00,no portfolio page found (link or guess)
American Family Insurance,https://www.amfam.com/,,https://careers.amfam.com,unknown,path/subdomain guess,https://amfam.com/portfolio,path guess,,2026-09-22T03:04:30.780471+00:00,next.js / client-rendered (no __NEXT_DATA__ parse attempted)
Angeleno Group,http://www.angelenogroup.com,Growth,,,,http://angelenogroup.com/portfolio,path guess,1,2026-09-22T03:04:33.672047+00:00,no jobs page found (link or guess)
Anglo American Decarbonisation Ventures,https://www.angloamerican.com/products/marketing-materials-solutions-for-our-customers/decarbonisation-ventures,Corporate VC,,,,,,,2026-09-22T03:04:35.340912+00:00,homepage fetch failed (404)
Anzu Partners,https://www.anzupartners.com,Pre-seed / Seed;Early-stage,,,,https://www.anzupartners.com/portfolio/,homepage link,17,2026-09-22T03:04:37.308608+00:00,no jobs page found (link or guess)
Applied Ventures,http://appliedventures.com/,Corporate VC,,,,,,,2026-09-22T03:04:38.591088+00:00,homepage fetch failed (403)
AP Ventures,https://apventures.com/,Early-stage,,,,https://apventures.com/portfolio,homepage link,28,2026-09-22T03:04:40.787095+00:00,no jobs page found (link or guess)
Aramco Ventures,https://aramcoventures.com,Corporate VC,https://aramcoventures.com/careers,unknown,path/subdomain guess,https://aramcoventures.com/portfolio/,homepage link,70,2026-09-22T03:04:44.080505+00:00,
Arborview Capital,http://www.arborviewcapital.com,Late-stage;Growth,,,,http://www.arborviewcapital.com/portfolio,homepage link,20,2026-09-22T03:04:46.328188+00:00,no jobs page found (link or guess)
ArcelorMittal XCarb,https://corporate.arcelormittal.com/media/press-releases/arcelormittal-launches-xcarb-innovation-fund,Corporate VC,,,,,,,2026-09-22T03:04:47.357191+00:00,homepage fetch failed (403)
ArcLight,https://www.arclight.com/,,,,,https://arclight.com/portfolio,path guess,5,2026-09-22T03:04:50.370513+00:00,no jobs page found (link or guess)
ArcTern Ventures,http://www.arcternventures.com,Early-stage;Late-stage,http://careers.arcternventures.com,getro (likely),path/subdomain guess,https://www.arcternventures.com/portfolio/,homepage link,1,2026-09-22T03:04:51.561425+00:00,
Ascension,https://www.ascension.vc,Pre-seed / Seed;Early-stage,,,,https://www.ascension.vc/portfolio,homepage link,,2026-09-22T03:24:31.270121+00:00,no jobs page found (link or guess)
Astanor Ventures,https://www.astanor.com/,Early-stage;Late-stage,https://astanor.com/connect/careers/,unknown,homepage link,https://astanor.com/portfolio/,homepage link,11,2026-09-22T03:24:34.154202+00:00,
Asterion Ventures,https://www.asterionventures.com/,Pre-seed / Seed,https://www.asterionventures.com/en/careers,unknown,homepage link,https://www.asterionventures.com/en/portfolio,homepage link,,2026-09-22T03:24:35.253776+00:00,page found but no outbound company links extracted
At One Ventures,https://www.atoneventures.com/,Pre-seed / Seed;Early-stage,https://jobs.atoneventures.com/jobs,consider,homepage link,https://www.atoneventures.com/portfolio,homepage link,2,2026-09-22T03:24:36.705931+00:00,
Audacy Ventures,https://www.audacyventures.com/,Early-stage,,,,https://audacyventures.com/portfolio,path guess,13,2026-09-22T03:24:39.683293+00:00,no jobs page found (link or guess)
Autodesk Foundation,http://www.autodesk.org,Early-stage,http://autodesk.org/jobs,unknown,path/subdomain guess,https://www.autodesk.org/portfolio,homepage link,17,2026-09-22T03:24:41.674652+00:00,
Automotive Ventures,https://www.automotiveventures.com,Pre-seed / Seed,,,,https://www.automotiveventures.com/portfolio,homepage link,,2026-09-22T03:24:43.508233+00:00,no jobs page found (link or guess)
Avaana Capital,https://avaanacapital.com/,Pre-seed / Seed;Early-stage,,,,https://avaanacapital.com/pages/portfolio,homepage link,1,2026-09-22T03:24:45.689013+00:00,no jobs page found (link or guess)
Avesta Fund,https://www.avesta.fund/,Pre-seed / Seed;Early-stage,,,,https://www.avesta.fund/portfolio,homepage link,25,2026-09-22T03:24:48.544522+00:00,no jobs page found (link or guess)
Axon Partners Group,https://axonpartnersgroup.com/,Growth,https://axonpartnersgroup.com/careers/,unknown,homepage link,https://axonpartnersgroup.com/portfolio/,homepage link,65,2026-09-22T03:24:53.370887+00:00,
Azimuth Capital Management,http://www.azimut-group.com/,Growth,,,,,,,2026-09-22T03:24:58.856988+00:00,homepage fetch failed (0)
Azolla Ventures,https://www.azollaventures.com/,Pre-seed / Seed;Early-stage,https://jobs.azollaventures.com/jobs,consider,homepage link,https://azollaventures.com/our-portfolio/,homepage link,31,2026-09-22T03:25:00.569832+00:00,
Barclays Climate Ventures,https://home.barclays/our-sustainability-/barclays-climate-strategy/barclays-climate-ventures/,Early-stage;Corporate VC,https://home.barclays/careers/,unknown,homepage link,,,,2026-09-22T03:25:02.082183+00:00,no portfolio page found (link or guess)
Baruch Future Ventures,http://baruch.vc,Pre-seed / Seed;Early-stage,,,,https://www.baruch.vc/portfolio/,homepage link,1,2026-09-22T03:25:05.940685+00:00,no jobs page found (link or guess)
BASF Venture Capital,https://www.basf.com/us/en,Corporate VC,https://www.basf.com/us/en/careers,unknown,homepage link,https://basf.com/portfolio,path guess,1,2026-09-22T03:25:07.257012+00:00,
Batteries Included Fund,https://batteriesincludedfund.com,Early-stage,,,,,,,2026-09-22T03:25:11.244192+00:00,no jobs page found (link or guess)
BayWa r.e. Energy Ventures,https://energy-ventures.baywa-re.com/,Corporate VC,,,,,,,2026-09-22T03:25:11.981047+00:00,homepage fetch failed (530)
B Capital Group,http://b.capital,Pre-seed / Seed;Early-stage;Late-stage;Growth,https://b.capital/about/careers/,greenhouse (direct),homepage link,https://b.capital/portfolio/,homepage link,1,2026-09-22T03:25:13.886680+00:00,
Bessemer Venture Partners,http://www.bvp.com,Pre-seed / Seed;Early-stage;Late-stage;Growth,https://jobs.bvp.com/jobs,consider,homepage link,http://www.bvp.com/portfolio,homepage link,2,2026-09-22T03:25:16.917474+00:00,
Better Bite Ventures,https://www.betterbite.vc/,Pre-seed / Seed,https://betterbite.vc/careers,unknown,path/subdomain guess,,,,2026-09-22T03:25:18.521763+00:00,no portfolio page found (link or guess)
Better Ventures,http://better.vc,Pre-seed / Seed;Early-stage,,,,http://better.vc/portfolio,homepage link,53,2026-09-22T03:44:39.761447+00:00,no jobs page found (link or guess)
Beyond Impact VC,https://www.beyondimpact.vc,Early-stage,https://beyondimpact.vc/jobs,unknown,path/subdomain guess,https://beyondimpact.vc/portfolio,path guess,,2026-09-22T03:44:41.602277+00:00,page found but no outbound company links extracted
BHP Ventures,https://www.bhp.com/about/our-businesses/ventures,Pre-seed / Seed;Early-stage;Late-stage;Corporate VC,,,,,,,2026-09-22T03:44:42.356816+00:00,homepage fetch failed (403)
Bidra Innovation Ventures,https://www.bidra.vc/,Early-stage;Late-stage,,,,https://www.bidra.vc/portfolio,homepage link,15,2026-09-22T03:44:43.502726+00:00,no jobs page found (link or guess)
Blackhorn Ventures,http://www.blackhornvc.com,Pre-seed / Seed;Early-stage,http://careers.blackhornvc.com,getro (likely),path/subdomain guess,http://www.blackhornvc.com/portfolio,homepage link,1,2026-09-22T03:44:44.690516+00:00,
Blue Ashva Capital,https://www.blueashvacapital.com/,Pre-seed / Seed;Early-stage,,,,https://www.blueashvacapital.com/portfolio,homepage link,14,2026-09-22T03:44:46.249687+00:00,no jobs page found (link or guess)
Blue Bear Capital,http://www.bluebearcap.com/,Early-stage;Late-stage,https://jobs.bluebearcap.com/jobs,getro (likely),homepage link,https://bluebearcap.com/portfolio-companies/,homepage link,,2026-09-22T03:44:47.475134+00:00,page found but no outbound company links extracted
Blue Earth Capital,https://blueearth.capital/,Growth,,,,https://blueearth.capital/portfolio/,homepage link,14,2026-09-22T03:44:49.174455+00:00,no jobs page found (link or guess)
BlueScopeX,https://bluescopex.io/,Corporate VC,,,,,,,2026-09-22T03:45:06.896504+00:00,no portfolio page found (link or guess)
BMW i Ventures,http://www.bmwiventures.com,Corporate VC,,,,http://www.bmwiventures.com/portfolio,homepage link,83,2026-09-22T03:45:07.905365+00:00,no jobs page found (link or guess)
BoxGroup,http://www.boxgroup.com,Pre-seed / Seed;Early-stage;Growth,,,,http://www.boxgroup.com/portfolio,homepage link,48,2026-09-22T03:45:10.615866+00:00,no jobs page found (link or guess)
bp Ventures,https://www.bp.com/en/global/ventures.html,Corporate VC,,,,,,,2026-09-22T03:45:13.442071+00:00,homepage fetch failed (404)
Braemar Energy Ventures,http://www.braemarenergy.com,Pre-seed / Seed;Early-stage,,,,http://www.braemarenergy.com/portfolio/,homepage link,35,2026-09-22T03:45:14.440667+00:00,no jobs page found (link or guess)
Breakthrough Energy Catalyst,https://www.breakthroughenergy.org/programs,Emerging Infrastructure,https://breakthroughenergy.org/jobs,unknown,path/subdomain guess,https://breakthroughenergy.org/portfolio,path guess,,2026-09-22T03:45:17.107083+00:00,page found but no outbound company links extracted
Breakthrough Energy Ventures,https://www.breakthroughenergy.org,Pre-seed / Seed;Early-stage;Late-stage,https://breakthroughenergy.org/jobs,unknown,path/subdomain guess,https://breakthroughenergy.org/portfolio,path guess,,2026-09-22T03:45:18.832418+00:00,page found but no outbound company links extracted
Breyer Capital,http://breyercapital.com,Pre-seed / Seed;Early-stage,,,,https://breyercapital.com/portfolio/,homepage link,102,2026-09-22T03:45:20.524911+00:00,no jobs page found (link or guess)
Builders Vision,https://www.buildersvision.com,Early-stage,,,,,,,2026-09-22T03:45:26.449371+00:00,no portfolio page found (link or guess)
Building Ventures,https://www.buildingventures.com/,Pre-seed / Seed;Early-stage;Late-stage,https://jobs.buildingventures.com/jobs,getro (likely),homepage link,https://buildingventures.com/companies/,homepage link,14,2026-09-22T03:45:27.992184+00:00,
Buoyant Ventures,https://www.buoyant.vc/,Early-stage,https://careers.buoyant.vc/jobs,getro (likely),homepage link,https://www.buoyant.vc/portfolio,homepage link,15,2026-09-22T03:45:29.147234+00:00,
Burnt Island Ventures,https://www.burntislandventures.com/,Pre-seed / Seed;Early-stage,https://jobs.burntislandventures.com,unknown,path/subdomain guess,https://www.burntislandventures.com/portfolio,homepage link,44,2026-09-22T03:45:30.530123+00:00,
Business Development Bank of Canada (BDC),https://www.bdc.ca/,Early-stage;Late-stage;Growth,https://www.bdc.ca/en/careers,unknown,homepage link,,,,2026-09-22T03:45:34.079971+00:00,no portfolio page found (link or guess)
Cantos,http://cantos.vc/,Pre-seed / Seed;Early-stage,https://jobs.cantos.vc/jobs,getro (likely),homepage link,,,,2026-09-22T03:45:36.693287+00:00,no portfolio page found (link or guess)
Capital Nature,http://capitalnature.com/,Pre-seed / Seed;Early-stage,,,,https://capitalnature.com/portfolio/,homepage link,12,2026-09-22T03:45:37.660669+00:00,no jobs page found (link or guess)
Capricorn Investment Group,http://www.capricornllc.com/,Early-stage;Late-stage;Growth,,,,,,,2026-09-22T03:45:42.226135+00:00,no portfolio page found (link or guess)
Capricorn Partners,https://capricorn.be/en,Early-stage;Late-stage;Growth,,,,https://capricorn.be/portfolio,path guess,1,2026-09-22T03:45:45.740921+00:00,no jobs page found (link or guess)
Carbon Direct,https://carbon-direct.com/,,https://carbon-direct.com/jobs,greenhouse (direct),path/subdomain guess,https://carbon-direct.com/portfolio,path guess,11,2026-09-22T03:45:46.938004+00:00,
Carbon Removal Partners,https://carbonremoval.partners,Pre-seed / Seed;Early-stage,,,,,,,2026-09-22T03:45:49.701731+00:00,no portfolio page found (link or guess)
Caterpillar Ventures,https://www.caterpillar.com/en/company/innovation/caterpillar-ventures.html,Corporate VC,,,,,,,2026-09-22T03:45:50.348135+00:00,homepage fetch failed (403)
Cavallo Ventures,https://cavallovc.com,Corporate VC,,,,https://www.cavallovc.com/portfolio/,homepage link,37,2026-09-22T03:45:51.148866+00:00,no jobs page found (link or guess)
Cemex Ventures,https://www.cemexventures.com/,Corporate VC,,,,https://www.cemexventures.com/portfolio/,homepage link,18,2026-09-22T03:45:54.373779+00:00,no jobs page found (link or guess)
Cerulean Ventures,https://cerulean.vc,Pre-seed / Seed,,,,https://cerulean.vc/portfolio,homepage link,,2026-09-22T03:45:55.795239+00:00,page found but no outbound company links extracted
Cherry Ventures,http://www.cherry.vc,Pre-seed / Seed;Early-stage,https://talent.cherry.vc/jobs,getro (likely),homepage link,,,,2026-09-22T03:45:58.044975+00:00,no portfolio page found (link or guess)
Chevron Technology Ventures,https://www.chevron.com/technology/technology-ventures,Corporate VC,https://www.chevron.com/who-we-are/contact/jobs,unknown,homepage link,,,,2026-09-22T03:46:03.584777+00:00,no portfolio page found (link or guess)
Citi Impact Fund,https://www.citigroup.com/citi/communities/citi-impact-fund.html,Corporate VC,https://careers.citigroup.com,unknown,path/subdomain guess,,,,2026-09-22T03:46:07.564357+00:00,no portfolio page found (link or guess)
City Light Capital,http://www.citylight.vc,Pre-seed / Seed;Early-stage,,,,,,,2026-09-22T03:46:08.201875+00:00,homepage fetch failed (403)
Clean Energy Ventures,https://cleanenergyventures.com/,Early-stage,https://cleanenergyventures.com/careers,unknown,homepage link,https://cleanenergyventures.com/portfolio,homepage link,134,2026-09-22T03:46:08.987262+00:00,
Clean Growth Fund,https://www.cleangrowthfund.com/,Pre-seed / Seed;Early-stage;Late-stage,,,,https://www.cleangrowthfund.com/portfolio/,homepage link,2,2026-09-22T03:46:13.997338+00:00,no jobs page found (link or guess)
Cleanhill Partners,https://cleanhillpartners.com,,,,,,,,2026-09-22T03:46:23.898264+00:00,no portfolio page found (link or guess)
ClearSky,http://www.clear-sky.com/,Pre-seed / Seed;Early-stage;Late-stage;Growth,https://www.clear-sky.com/about/careers/,unknown,homepage link,https://www.clear-sky.com/portfolio/,homepage link,1,2026-09-22T03:46:25.553858+00:00,
Clearvision Ventures,https://www.clearvisionventures.com/,Pre-seed / Seed;Early-stage;Late-stage;Growth,,,,,,,2026-09-22T03:46:27.821647+00:00,no portfolio page found (link or guess)
Climactic VC,https://www.climactic.vc/,Pre-seed / Seed;Early-stage,https://jobs.climactic.vc/jobs,consider,homepage link,https://www.climactic.vc/portfolio,homepage link,20,2026-09-22T03:46:28.792011+00:00,
Climate Adaptive Infrastructure,https://www.climateadaptiveinfra.com/,Growth Infrastructure,,,,https://www.climateadaptiveinfra.com/portfolio,homepage link,7,2026-09-22T03:46:30.041034+00:00,no jobs page found (link or guess)
Climate Capital,http://climatecapital.co/,Pre-seed / Seed;Early-stage,http://climatecapital.co/jobs,unknown,path/subdomain guess,http://climatecapital.co/portfolio,path guess,,2026-09-22T03:46:31.366175+00:00,page found but no outbound company links extracted
Climate Innovation Capital,https://climateic.com,Late-stage;Growth,,,,https://www.climateic.com/portfolio,homepage link,12,2026-09-22T03:46:33.551744+00:00,no jobs page found (link or guess)
Climate Investment (OGCI),https://www.climateinvestment.com,Growth,https://jobs.climateinvestment.com,getro (likely),path/subdomain guess,https://www.climateinvestment.com/portfolio,homepage link,39,2026-09-22T03:46:36.189243+00:00,
Climate VC,https://www.climate.vc/,Pre-seed / Seed,,,,,,,2026-09-22T03:46:37.866633+00:00,homepage fetch failed (404)
Climentum Capital,https://www.climentum.com,Pre-seed / Seed;Early-stage,,,,https://www.climentum.com/portfolio,homepage link,3,2026-09-22T03:46:39.497623+00:00,no jobs page found (link or guess)
Closed Loop Partners,http://www.closedlooppartners.com/,Pre-seed / Seed;Early-stage;Late-stage;Growth,https://www.closedlooppartners.com/about-us/careers/,unknown,homepage link,http://closedlooppartners.com/portfolio,path guess,1,2026-09-22T03:46:41.698550+00:00,
Coatue,http://coatue.com,Pre-seed / Seed;Early-stage;Late-stage;Growth,,,,http://coatue.com/portfolio,path guess,46,2026-09-22T03:46:42.936800+00:00,no jobs page found (link or guess)
Collaborative Fund,http://www.collaborativefund.com,Pre-seed / Seed;Early-stage;Late-stage,,,,http://www.collaborativefund.com/portfolio,homepage link,97,2026-09-22T03:46:45.474037+00:00,no jobs page found (link or guess)
Congruent Ventures,http://www.congruentvc.com,Pre-seed / Seed;Early-stage;Late-stage,https://jobs.congruentvc.com/jobs,consider,homepage link,http://www.congruentvc.com/portfolio,homepage link,,2026-09-22T03:46:49.064191+00:00,page found but no outbound company links extracted
Constellation Technology Ventures,http://technologyventures.constellation.com,Corporate VC,,,,,,,2026-09-22T03:46:50.118410+00:00,no portfolio page found (link or guess)
Continental Grain Company,https://continentalgrain.com,,,,,,,,2026-09-22T03:46:54.377426+00:00,no portfolio page found (link or guess)
Convective Capital,https://www.convectivecapital.com/,Pre-seed / Seed;Early-stage,https://jobs.convectivecapital.com/jobs,getro (likely),homepage link,https://www.convectivecapital.com/portfolio,homepage link,24,2026-09-22T03:46:55.796035+00:00,
Copec WIND Ventures,https://www.windventures.vc,Corporate VC,,,,https://www.windventures.vc/portfolio,homepage link,31,2026-09-22T03:46:58.428754+00:00,no jobs page found (link or guess)
Counteract,https://counteract.vc,Pre-seed / Seed;Early-stage,,,,https://counteract.vc/portfolio,homepage link,,2026-09-22T03:47:00.199557+00:00,next.js / client-rendered (no __NEXT_DATA__ parse attempted)
Creative Ventures,http://www.creativeventures.vc,Pre-seed / Seed;Early-stage,,,,,,,2026-09-22T03:47:04.916001+00:00,no portfolio page found (link or guess)
Cycle Capital,http://www.cyclecapital.com,Early-stage;Late-stage,,,,,,,2026-09-22T03:47:05.605563+00:00,homepage fetch failed (403)
Day One Ventures,http://dayoneventures.com/,Pre-seed / Seed,,,,,,,2026-09-22T03:47:07.485694+00:00,no portfolio page found (link or guess)
DBL Partners,http://www.dblinvestors.com,Early-stage;Late-stage,http://dblinvestors.com/jobs,unknown,path/subdomain guess,http://www.dblinvestors.com/portfolio/,homepage link,9,2026-09-22T03:47:08.796288+00:00,
DCVC,http://www.dcvc.com,Pre-seed / Seed;Early-stage;Late-stage,https://www.dcvc.com/careers,unknown,homepage link,https://www.dcvc.com/companies,homepage link,,2026-09-22T03:47:17.106937+00:00,page found but no outbound company links extracted
Decarbonization Partners,https://www.decarbpartners.com/,Late-stage;Growth,,,,https://www.decarbpartners.com/portfolio,homepage link,7,2026-09-22T03:47:18.714930+00:00,no jobs page found (link or guess)
Doral Energy-Tech Ventures,https://doral-tech.com,Corporate VC,https://doral-energy.com/en/career/,unknown,homepage link,https://doral-tech.com/portfolio/,homepage link,24,2026-09-22T03:47:29.348767+00:00,
Drawdown Fund,https://www.drawdownfund.com/,Early-stage;Late-stage,,,,,,,2026-09-22T03:47:32.396279+00:00,no portfolio page found (link or guess)
E12 Ventures,https://www.e12.ventures/,Early-stage,,,,https://www.e12.ventures/portfolio,homepage link,13,2026-09-22T03:47:33.287276+00:00,no jobs page found (link or guess)
Earthshot Ventures,https://www.earthshot.vc,Pre-seed / Seed;Early-stage,,,,https://www.earthshot.vc/companies,homepage link,41,2026-09-22T03:47:34.470173+00:00,no jobs page found (link or guess)
Earth Venture Capital,https://www.earth.vc/,Pre-seed / Seed;Early-stage,,,,https://www.earth.vc/portfolio,homepage link,2,2026-09-22T03:47:37.485412+00:00,homepage fetch failed (429)
eCAPITAL ENTREPRENEURIAL PARTNERS,https://ecapital.vc,Early-stage,https://ecapital.vc/jobs/,unknown,homepage link,https://ecapital.vc/portfolio/,homepage link,2,2026-09-22T03:47:40.904397+00:00,
Ecosystem Integrity Fund,https://eif.vc/,Pre-seed / Seed;Early-stage,,,,https://eif.vc/portfolio/,homepage link,27,2026-09-22T03:47:42.792072+00:00,no jobs page found (link or guess)
EDP Ventures,https://www.edp.com/en/innovation/edp-ventures#portfolio,Corporate VC,https://www.edp.com/en/careers,unknown,homepage link,,,,2026-09-22T03:47:54.006145+00:00,no portfolio page found (link or guess)
Eka Ventures,https://ekavc.com/,Pre-seed / Seed;Early-stage,,,,https://ekavc.com/portfolio,homepage link,24,2026-09-22T03:47:55.243681+00:00,no jobs page found (link or guess)
Elbow Beach Capital,https://elbowbeachcapital.com/,Pre-seed / Seed;Early-stage,,,,,,,2026-09-22T03:48:08.519369+00:00,homepage fetch failed (0)
Elemental Impact,http://elementalexcelerator.com/,Early-stage;Late-stage,https://elementalimpact.com/jobs/,greenhouse (direct),homepage link,http://elementalexcelerator.com/companies,path guess,143,2026-09-22T03:48:11.508178+00:00,
Ember Infrastructure,https://ember-infra.com/,Growth Infrastructure,https://ember-infra.com/jobs,unknown,path/subdomain guess,https://ember-infra.com/portfolio,homepage link,13,2026-09-22T03:48:19.124939+00:00,
Emerald Technology Ventures,https://emerald.vc,Early-stage;Late-stage,https://emerald.vc/careers,unknown,homepage link,https://emerald.vc/portfolio,homepage link,1,2026-09-22T03:48:21.475224+00:00,
Emerson Collective,http://emersoncollective.com,Early-stage;Late-stage,http://emersoncollective.com/careers,"next.js, unconfirmed vendor",path/subdomain guess,,,,2026-09-22T03:48:23.873730+00:00,no portfolio page found (link or guess)
Eneco Ventures,https://www.eneco.com/what-we-do/ventures/,Corporate VC,,,,,,,2026-09-22T03:48:26.483737+00:00,no portfolio page found (link or guess)
Energize Capital,https://www.energizecap.com/,Early-stage;Late-stage;Growth,https://jobs.energizecap.com,getro (likely),path/subdomain guess,https://www.energizecap.com/portfolio,homepage link,39,2026-09-22T03:48:27.680195+00:00,
Energy Foundry,http://www.energyfoundry.com,Pre-seed / Seed;Early-stage,,,,http://www.energyfoundry.com/portfolio,homepage link,18,2026-09-22T03:48:32.945057+00:00,no jobs page found (link or guess)
Energy Impact Partners,http://energyimpactpartners.com,Pre-seed / Seed;Early-stage;Late-stage,http://jobs.energyimpactpartners.com,getro (likely),path/subdomain guess,,,,2026-09-22T03:48:37.002143+00:00,no portfolio page found (link or guess)
Energy Innovation Capital,http://energyinnovationcapital.com/,Early-stage;Late-stage,,,,,,,2026-09-22T03:48:38.180603+00:00,no portfolio page found (link or guess)
Energy Revolution Ventures,https://er-v.io/,Pre-seed / Seed;Early-stage,,,,,,,2026-09-22T03:48:40.995828+00:00,no portfolio page found (link or guess)
Energy Transition Ventures,https://energytransitionventures.com/,Pre-seed / Seed;Early-stage,,,,https://energytransitionventures.com/portfolio/,homepage link,18,2026-09-22T03:48:42.947636+00:00,no jobs page found (link or guess)
ENGIE New Ventures,http://www.engieventures.com,Corporate VC,,,,http://engieventures.com/portfolio,path guess,2,2026-09-22T03:48:46.431336+00:00,no jobs page found (link or guess)
Engine Ventures,https://engineventures.com/,Pre-seed / Seed;Early-stage;Late-stage;Growth,https://engine.xyz/careers,greenhouse (direct),homepage link,https://engineventures.com/companies,homepage link,2,2026-09-22T03:48:50.433254+00:00,
Eni Next,https://www.eni.com/en_IT/home.page,Corporate VC,https://www.eni.com/en-IT/careers/recruitment-process.html,unknown,homepage link,,,,2026-09-22T03:49:52.330089+00:00,no portfolio page found (link or guess)
Envisioning Partners,https://envisioning.partners/,Early-stage,https://envisioning.partners/jobs,unknown,path/subdomain guess,https://envisioning.partners/portfolio,path guess,,2026-09-22T03:49:53.263193+00:00,page found but no outbound company links extracted
EQT Ventures,https://eqtventures.com,Pre-seed / Seed;Early-stage;Late-stage,,,,https://eqtventures.com/portfolio,path guess,8,2026-09-22T03:49:54.773470+00:00,no jobs page found (link or guess)
Equal Ventures,https://www.equal.vc/,Pre-seed / Seed,,,,https://www.equal.vc/portfolio,homepage link,2,2026-09-22T03:49:55.984686+00:00,no jobs page found (link or guess)
Equator,https://equator.vc/,Pre-seed / Seed;Early-stage,,,,https://equator.vc/portfolio,homepage link,11,2026-09-22T03:49:57.301809+00:00,no jobs page found (link or guess)
Equinor Ventures,https://www.equinor.com/energy/ventures,Corporate VC,https://www.equinor.com/careers,unknown,homepage link,https://equinor.com/portfolio,path guess,,2026-09-22T03:50:00.762131+00:00,page found but no outbound company links extracted
ETF Partners,http://www.etfpartners.capital/,Early-stage;Late-stage,,,,https://etfpartners.capital/companies/,homepage link,,2026-09-22T03:50:02.089518+00:00,page found but no outbound company links extracted
European Circular Bioeconomy Fund (ECBF),https://www.ecbf.vc,Early-stage;Late-stage;Growth,https://ecbf.vc/careers/,unknown,homepage link,https://ecbf.vc/portfolio/,homepage link,,2026-09-22T03:50:04.489739+00:00,page found but no outbound company links extracted
Evergreen Climate Innovations,https://evergreeninno.org/,Pre-seed / Seed,https://evergreeninno.org/careers,unknown,homepage link,https://evergreeninno.org/portfolio,homepage link,40,2026-09-22T03:50:05.379738+00:00,
Evergy Ventures,http://www.evergyventures.com/,Corporate VC,,,,https://evergyventures.com/portfolio/,homepage link,17,2026-09-22T03:50:07.674939+00:00,no jobs page found (link or guess)
Evōk Innovations (Evok Innovations),http://www.evokinnovations.com/,Early-stage,,,,https://www.evokinnovations.com/portfolio,homepage link,1,2026-09-22T03:50:09.294633+00:00,no jobs page found (link or guess)
Fall Line Capital,http://fall-line-capital.com/,Pre-seed / Seed;Early-stage;Late-stage,,,,http://fall-line-capital.com/portfolio,path guess,2,2026-09-22T03:50:10.448106+00:00,no jobs page found (link or guess)
Fifth Wall,http://fifthwall.com/,Early-stage;Late-stage,http://fifthwall.com/careers,unknown,homepage link,http://fifthwall.com/portfolio,homepage link,15,2026-09-22T03:50:11.851643+00:00,
Fifty Years,http://fiftyyears.com/,Pre-seed / Seed,https://jobs.fiftyyears.com/jobs,consider,homepage link,http://fiftyyears.com/companies,homepage link,86,2026-09-22T03:50:13.728952+00:00,
Fine Structure Ventures,https://finestructure.vc/,Pre-seed / Seed;Early-stage,,,,https://finestructure.vc/sector/portfolio,homepage link,26,2026-09-22T03:50:18.134615+00:00,no jobs page found (link or guess)
First Imagine! Ventures,http://www.firstimagine.com/,Early-stage;Late-stage,,,,http://www.firstimagine.com/portfolio/,homepage link,16,2026-09-22T03:50:26.527283+00:00,no jobs page found (link or guess)
Firstminute Capital,https://firstminute.capital/,Pre-seed / Seed,https://jobs.firstminute.capital/jobs,getro (likely),homepage link,https://firstminute.capital/portfolio,homepage link,1,2026-09-22T03:50:28.197706+00:00,
First Star Ventures,http://www.firststar.vc/,Pre-seed / Seed;Early-stage,,,,http://www.firststar.vc/companies,homepage link,34,2026-09-22T03:50:29.607406+00:00,no jobs page found (link or guess)
Fontinalis Partners,http://fontinalis.com,Pre-seed / Seed;Early-stage;Late-stage,http://fontinalis.com/jobs,unknown,path/subdomain guess,https://fontinalis.com/portfolio/,homepage link,47,2026-09-22T03:50:32.920755+00:00,
FootPrint Coalition,https://www.footprintcoalition.com/,Pre-seed / Seed;Early-stage,,,,,,,2026-09-22T03:50:36.695005+00:00,no portfolio page found (link or guess)
FTW Ventures,http://www.ftw.vc/,Pre-seed / Seed;Early-stage,,,,http://www.ftw.vc/companies,homepage link,22,2026-09-22T03:50:37.965927+00:00,no jobs page found (link or guess)
FullCycle Climate Partners,https://www.fullcycle.com/,Emerging Infrastructure,,,,,,,2026-09-22T03:50:39.410197+00:00,homepage fetch failed (0)
Future Energy Ventures,https://fev.vc,Early-stage,,,,https://fev.vc/portfolio/,homepage link,,2026-09-22T03:50:43.237336+00:00,page found but no outbound company links extracted
Futureland Ventures,https://www.futurelandventures.com/,Pre-seed / Seed;Early-stage,,,,https://www.futurelandventures.com/portfolio,homepage link,13,2026-09-22T03:50:44.233637+00:00,no jobs page found (link or guess)
Future Positive Capital,http://www.futurepositivecapital.com,Pre-seed / Seed;Early-stage,http://futurepositivecapital.com/jobs,unknown,path/subdomain guess,http://www.futurepositivecapital.com/companies/conceivable-life-sciences,homepage link,8,2026-09-22T03:50:47.276831+00:00,
Future Ventures,https://future.ventures/,Pre-seed / Seed;Early-stage,https://jobs.future.ventures,getro (likely),path/subdomain guess,,,,2026-09-22T03:50:49.306402+00:00,no portfolio page found (link or guess)
G2 Venture Partners (G2VP),https://www.g2vp.com/,Early-stage;Late-stage;Growth,https://jobs.g2vp.com,getro (likely),path/subdomain guess,https://www.g2vp.com/portfolio,homepage link,27,2026-09-22T03:50:50.215401+00:00,
Galway Sustainable Capital,https://galwaysustainable.com/,Growth Infrastructure,https://galwaysustainable.com/jobs,unknown,path/subdomain guess,https://galwaysustainable.com/portfolio,path guess,10,2026-09-22T03:50:53.212392+00:00,
GEF Capital,https://gefcapital.com/,,,,,https://gefcapital.com/portfolio,homepage link,2,2026-09-22T03:50:55.162281+00:00,no jobs page found (link or guess)
gener8tor,http://www.gener8tor.com,Pre-seed / Seed,http://www.gener8tor.com/careers,greenhouse (direct),homepage link,http://www.gener8tor.com/portfolio,homepage link,,2026-09-22T03:50:56.430728+00:00,page found but no outbound company links extracted
General Atlantic BeyondNetZero,https://beyond-net-zero.com/,Growth,https://www.generalatlantic.com/careers/,greenhouse (direct),homepage link,https://beyond-net-zero.com/portfolio,path guess,2,2026-09-22T03:50:57.724743+00:00,
General Catalyst,http://www.generalcatalyst.com,Pre-seed / Seed;Early-stage;Late-stage,http://jobs.generalcatalyst.com,getro (likely),path/subdomain guess,http://www.generalcatalyst.com/portfolio,homepage link,4,2026-09-22T03:50:58.871675+00:00,
Generate Capital,https://generatecapital.com,Growth Infrastructure,https://generatecapital.com/careers/,ashby (direct),homepage link,,,,2026-09-22T03:51:03.667431+00:00,no portfolio page found (link or guess)
Generation Investment Management,https://www.generationim.com/,Growth,https://www.generationim.com/careers/,unknown,homepage link,,,,2026-09-22T03:51:07.701156+00:00,no portfolio page found (link or guess)
GET Fund,https://getfund.eu/,Early-stage;Growth,,,,,,,2026-09-22T03:51:17.609287+00:00,no portfolio page found (link or guess)
Giant Ventures,https://www.giant.vc/,Pre-seed / Seed;Early-stage,https://giant.vc/jobs,unknown,path/subdomain guess,https://www.giant.vc/portfolio,homepage link,39,2026-09-22T03:51:23.180786+00:00,
Gigascale Capital,https://gigascale.com/,Pre-seed / Seed;Early-stage;Late-stage;Growth,https://careers.gigascale.com/jobs,consider,homepage link,https://gigascale.com/portfolio/,homepage link,27,2026-09-22T03:51:25.876191+00:00,
Global Cleantech Capital,http://www.gccfund.com/,Late-stage;Growth,,,,https://www.gccfund.com/portfolio,homepage link,5,2026-09-22T03:51:28.257330+00:00,homepage fetch failed (429)
Global Founders Capital,https://www.globalfounderscapital.com,Pre-seed / Seed;Early-stage,,,,,,,2026-09-22T03:51:30.780594+00:00,no portfolio page found (link or guess)
GM Ventures,https://www.gmventures.com/,Corporate VC,,,,https://www.gmventures.com/en/portfolio,homepage link,20,2026-09-22T03:51:31.924463+00:00,no jobs page found (link or guess)
Goldman Sachs Asset Management,https://www.gsam.com/content/gsam/global/en/homepage.html,Growth,,,,,,,2026-09-22T03:51:35.964530+00:00,no portfolio page found (link or guess)
Grantham Foundation,https://www.granthamfoundation.org/,Pre-seed / Seed;Early-stage,https://jobs.granthamfoundation.org,unknown,path/subdomain guess,,,,2026-09-22T03:51:39.950762+00:00,no portfolio page found (link or guess)
Great Wave Ventures,https://www.greatwave.vc/,Pre-seed / Seed,,,,,,,2026-09-22T03:51:40.773784+00:00,homepage fetch failed (429)
Greenbacker,https://greenbackercapital.com/,,,,,,,,2026-09-22T03:51:43.186632+00:00,no portfolio page found (link or guess)
Greencode Ventures,https://greencode.vc/,Pre-seed / Seed;Early-stage,,,,https://greencode.vc/portfolio,homepage link,22,2026-09-22T03:51:44.477400+00:00,no jobs page found (link or guess)
Green Frontier Capital,https://www.greenfrontiercapital.com/,Pre-seed / Seed;Early-stage,https://www.greenfrontiercapital.com/careers,unknown,homepage link,https://www.greenfrontiercapital.com/portfolio,homepage link,1,2026-09-22T03:51:46.397898+00:00,
Green Generation Fund,https://www.greengenerationfund.com/,Pre-seed / Seed;Early-stage,https://greengenerationfund.com/jobs,unknown,path/subdomain guess,https://greengenerationfund.com/portfolio,path guess,27,2026-09-22T03:51:48.006264+00:00,
GreenSoil Investments,https://www.gspv.vc/,Pre-seed / Seed;Early-stage,,,,https://www.gspv.vc/portfolio,homepage link,3,2026-09-22T03:51:50.032238+00:00,no jobs page found (link or guess)
GS Futures,https://www.gsfutures.vc/,Early-stage;Corporate VC,,,,https://www.gsfutures.vc/portfolio,homepage link,25,2026-09-22T03:51:50.989730+00:00,no jobs page found (link or guess)
GV (Google Venture),http://www.gv.com,Pre-seed / Seed;Early-stage;Late-stage;Growth,http://jobs.gv.com,consider,path/subdomain guess,http://www.gv.com/portfolio,homepage link,5,2026-09-22T03:51:54.741396+00:00,
Hannon Armstrong Sustainable Infrastructure Capital (HASI),https://www.hasi.com/,Emerging Infrastructure;Growth Infrastructure,https://www.hasi.com/careers,lever (direct),homepage link,,,,2026-09-22T03:51:57.360571+00:00,no portfolio page found (link or guess)
Hartree Partners,http://www.hartreepartners.com/,,,,,,,,2026-09-22T03:51:58.128877+00:00,homepage fetch failed (403)
Hatch Blue,https://www.hatch.blue/,Pre-seed / Seed;Early-stage,https://www.hatch.blue/jobs,unknown,homepage link,https://www.hatch.blue/portfolio,homepage link,73,2026-09-22T03:51:59.125721+00:00,
Hawktail,https://hawktail.com/,Pre-seed / Seed;Early-stage,,,,,,,2026-09-22T03:52:06.271995+00:00,no portfolio page found (link or guess)
Helios Climate Ventures,https://helioscv.com/,Early-stage;Growth Infrastructure,https://helioscv.com/jobs,unknown,path/subdomain guess,,,,2026-09-22T03:52:14.592367+00:00,no portfolio page found (link or guess)
Henkel Ventures,https://www.henkeldxventures.com/,Early-stage;Corporate VC,,,,,,,2026-09-22T03:52:22.694412+00:00,no portfolio page found (link or guess)
HG Ventures,http://www.hgventures.com/,Corporate VC,https://portcojobs.hgventures.com/jobs,getro (likely),homepage link,https://hgventures.com/portfolio/,homepage link,41,2026-09-22T03:52:26.419443+00:00,
High-Tech Gründerfonds (HTGF),https://www.htgf.de/en/,Pre-seed / Seed;Early-stage,https://www.htgf.de/de/career/,unknown,homepage link,https://www.htgf.de/en/portfolio/,homepage link,2,2026-09-22T03:52:31.203130+00:00,
Hitachi Ventures,https://www.hitachi-ventures.com,Corporate VC,https://jobs.hitachi-ventures.com/jobs/hitachi-ventures,consider,homepage link,https://www.hitachi-ventures.com/portfolio/,homepage link,70,2026-09-22T03:52:33.923383+00:00,
Homecoming Capital,https://www.homecomingcapital.com/,Emerging Infrastructure,,,,,,,2026-09-22T03:52:39.870372+00:00,no portfolio page found (link or guess)
Horizons Ventures,http://horizonsventures.com,Pre-seed / Seed;Early-stage,,,,http://horizonsventures.com/portfolio,path guess,1,2026-09-22T03:52:41.187336+00:00,no jobs page found (link or guess)
HSBC Asset Management,https://www.assetmanagement.us.hsbc.com/en,Early-stage,https://assetmanagement.us.hsbc.com/jobs,unknown,path/subdomain guess,https://assetmanagement.us.hsbc.com/portfolio,path guess,33,2026-09-22T03:52:42.214679+00:00,
ICOS Capital Management,http://www.icoscapital.com/,Early-stage,,,,https://www.icoscapital.com/portfolio/,homepage link,,2026-09-22T03:52:47.941123+00:00,page found but no outbound company links extracted
Impact Engine,http://www.theimpactengine.com,Pre-seed / Seed;Early-stage,http://www.theimpactengine.com/jobs,greenhouse (direct),homepage link,,,,2026-09-22T03:52:50.513697+00:00,no portfolio page found (link or guess)
Impact Science Ventures,https://www.impactscience.vc/,Pre-seed / Seed;Early-stage,,,,,,,2026-09-22T03:52:52.986637+00:00,no portfolio page found (link or guess)
InMotion Ventures,https://www.inmotionventures.com,Corporate VC,https://www.inmotionventures.com/career/,unknown,homepage link,https://www.inmotionventures.com/our-portfolio/,homepage link,1,2026-09-22T03:52:55.854033+00:00,
Innovation Endeavors,http://www.innovationendeavors.com/,Pre-seed / Seed;Early-stage;Late-stage,http://jobs.innovationendeavors.com,getro (likely),path/subdomain guess,http://www.innovationendeavors.com/companies,homepage link,70,2026-09-22T03:52:57.356197+00:00,
Insight Partners,http://www.insightpartners.com,Pre-seed / Seed;Early-stage;Late-stage;Growth,https://jobs.insightpartners.com/jobs,getro (likely),homepage link,https://www.insightpartners.com/portfolio/,homepage link,2,2026-09-22T03:53:00.869596+00:00,
Invest FWD,https://about.bestseller.com/news/investment-boost-benefits-bestseller,Early-stage,https://about.bestseller.com/careers,unknown,homepage link,https://about.bestseller.com/portfolio,path guess,1,2026-09-22T03:53:03.216692+00:00,
Investible,https://www.investible.com/,Early-stage,https://investible.com/careers,unknown,path/subdomain guess,https://www.investible.com/portfolio,homepage link,3,2026-09-22T03:53:04.195541+00:00,
Japan Energy Fund,https://www.japanenergyfund-ventures.com/,Late-stage,https://www.japanenergyfund-ventures.com/careers,unknown,homepage link,https://www.japanenergyfund-ventures.com/portfolio,homepage link,15,2026-09-22T03:53:05.747848+00:00,
JetBlue Ventures,http://www.jetblueventures.com/,Corporate VC,https://careers.sky-vc.com/jobs,consider,homepage link,http://www.jetblueventures.com/portfolio,homepage link,2,2026-09-22T03:53:07.825046+00:00,
Jetstream,https://www.jetstream.io,Pre-seed / Seed,,,,,,,2026-09-22T03:53:10.213039+00:00,no portfolio page found (link or guess)
J.P. Morgan Asset Management,https://am.jpmorgan.com/us/en/asset-management/adv/,Growth,https://am.jpmorgan.com/jobs,unknown,path/subdomain guess,https://am.jpmorgan.com/portfolio,path guess,1,2026-09-22T03:53:13.494368+00:00,
Junction Growth Investors,https://junctiongrowthinvestors.com/,Growth,,,,https://junctiongrowthinvestors.com/portfolio/,homepage link,2,2026-09-22T03:53:16.449157+00:00,no jobs page found (link or guess)
Just Climate,https://www.justclimate.com/,Pre-seed / Seed;Early-stage;Late-stage;Growth;Emerging Infrastructure,https://www.justclimate.com/careers/,unknown,homepage link,,,,2026-09-22T03:53:20.616595+00:00,no portfolio page found (link or guess)
Katapult VC,https://katapult.vc/,Pre-seed / Seed;Early-stage,https://katapult.vc/jobs,unknown,path/subdomain guess,https://katapult.vc/portfolio,path guess,4,2026-09-22T03:53:22.020792+00:00,
KdT Ventures,https://www.kdtvc.com,Pre-seed / Seed;Early-stage,https://jobs.kdtvc.com,getro (likely),path/subdomain guess,https://www.kdtvc.com/portfolio,homepage link,49,2026-09-22T03:53:23.144604+00:00,
Keiki Capital,https://keikicapital.com,Pre-seed / Seed;Early-stage,https://keikicapital.com/jobs,unknown,path/subdomain guess,https://keikicapital.com/portfolio,path guess,25,2026-09-22T03:53:26.278871+00:00,
Keyframe Capital Partners,https://www.keyframecapital.com/,Early-stage;Late-stage;Emerging Infrastructure,,,,,,,2026-09-22T03:53:29.421411+00:00,no portfolio page found (link or guess)
Khosla Ventures,http://www.khoslaventures.com,Early-stage;Late-stage;Growth,http://jobs.khoslaventures.com,getro (likely),path/subdomain guess,http://www.khoslaventures.com/portfolio,homepage link,109,2026-09-22T03:53:30.358512+00:00,
Kiko Ventures,https://kiko.vc/,Pre-seed / Seed;Early-stage,,,,https://kiko.vc/our-portfolio/,homepage link,,2026-09-22T03:53:35.520123+00:00,page found but no outbound company links extracted
Kinnevik,http://www.kinnevik.com,Early-stage;Late-stage;Growth,http://www.kinnevik.com/working-at-kinnevik/career/,unknown,homepage link,http://www.kinnevik.com/companies/spring-health/,homepage link,,2026-09-22T03:53:37.235955+00:00,page found but no outbound company links extracted
Kleiner Perkins,https://www.kleinerperkins.com/,Early-stage;Late-stage,https://jobs.kleinerperkins.com,consider,path/subdomain guess,,,,2026-09-22T03:53:40.951728+00:00,no portfolio page found (link or guess)
KOMPAS,http://www.kompas.vc/,Pre-seed / Seed;Early-stage,http://www.kompas.vc/careers,unknown,homepage link,http://www.kompas.vc/portfolio,homepage link,4,2026-09-22T03:53:41.857962+00:00,
Kopa Ventures,https://www.kopa.vc/,Pre-seed / Seed;Early-stage,,,,,,,2026-09-22T03:53:42.911929+00:00,homepage fetch failed (429)
Korys,http://www.korys.be/,Early-stage;Late-stage;Growth;Emerging Infrastructure,,,,https://korys.be/our-portfolio/,homepage link,3,2026-09-22T03:53:44.767075+00:00,no jobs page found (link or guess)
Leap Forward Ventures,https://leapforward.vc/,Pre-seed / Seed,,,,https://leapforward.vc/portfolio,path guess,29,2026-09-22T03:53:46.343591+00:00,no jobs page found (link or guess)
LeapFrog Investments,https://leapfroginvest.com/,Growth,https://leapfroginvest.com/jobs,unknown,path/subdomain guess,https://leapfroginvest.com/our-portfolio,path guess,5,2026-09-22T03:53:49.489609+00:00,
Leaps by Bayer,https://leaps.bayer.com/,Pre-seed / Seed;Early-stage;Late-stage;Growth;Corporate VC,,,,,,,2026-09-22T03:53:50.487637+00:00,homepage fetch failed (403)
Lightrock,https://www.lightrock.com,Growth,https://www.lightrock.com/careers/,consider,homepage link,https://www.lightrock.com/portfolio/,homepage link,2,2026-09-22T03:53:51.932807+00:00,
Link Capital,https://www.linkcapital.no/,Pre-seed / Seed;Early-stage;Late-stage,,,,https://www.linkcapital.no/portfolio/,homepage link,,2026-09-22T03:53:57.647417+00:00,page found but no outbound company links extracted
Longrun Capital,https://www.longruncapital.com/,Pre-seed / Seed,,,,https://www.longruncapital.com/portfolio/,homepage link,6,2026-09-22T03:54:00.498830+00:00,no jobs page found (link or guess)
Lowercarbon Capital,https://lowercarbon.com/,Pre-seed / Seed;Early-stage;Late-stage;Growth,,,,https://lowercarbon.com/companies/,homepage link,,2026-09-22T03:54:01.426889+00:00,page found but no outbound company links extracted
M12 - Microsoft's Venture Fund,https://m12.vc/,Corporate VC,https://m12.vc/careers,unknown,path/subdomain guess,https://m12.vc/portfolio/,homepage link,40,2026-09-22T03:54:02.343992+00:00,
"MacKinnon, Bennett & Co. (MKB)",http://mkbandco.com/,Late-stage;Growth,https://www.mkbandco.com/careers/,unknown,homepage link,https://www.mkbandco.com/portfolio/,homepage link,1,2026-09-22T03:54:11.222854+00:00,
Maersk Growth,https://www.maersk.com/growth,Pre-seed / Seed;Early-stage;Corporate VC,https://careers.maersk.com,unknown,path/subdomain guess,https://www.maersk.com/growth/portfolio,homepage link,34,2026-09-22T03:54:12.280778+00:00,
Main Sequence Ventures,https://www.mseq.vc/,Pre-seed / Seed;Early-stage,https://jobs.mseq.vc,unknown,path/subdomain guess,https://mseq.vc/portfolio,path guess,1,2026-09-22T03:54:14.955686+00:00,
Maniv Mobility,https://www.maniv.com,Early-stage,,,,https://www.maniv.com/portfolio,homepage link,38,2026-09-22T03:54:15.802035+00:00,no jobs page found (link or guess)
MassMutual Ventures,https://massmutualventures.com/,Pre-seed / Seed;Early-stage;Late-stage;Corporate VC,https://jobs.massmutualventures.com,getro (likely),path/subdomain guess,https://massmutualventures.com/portfolio/,homepage link,,2026-09-22T03:54:19.127513+00:00,page found but no outbound company links extracted
Material Impact,https://materialimpact.com/,Pre-seed / Seed;Early-stage,,,,https://materialimpact.com/companies,homepage link,58,2026-09-22T03:54:21.071051+00:00,no jobs page found (link or guess)
MCJ Collective,https://www.mcjcollective.com/capital,Pre-seed / Seed;Early-stage,https://jobs.mcj.vc/jobs,consider,homepage link,https://www.mcjcollective.com/portfolio/face-plant,homepage link,9,2026-09-22T03:54:25.140516+00:00,
Micelio Fund,https://micelio.com/micelio-funds/,Pre-seed / Seed,,,,,,,2026-09-22T03:54:42.555870+00:00,no portfolio page found (link or guess)
Modern Energy,https://modern.energy/,Emerging Infrastructure,https://modern.energy/index.php/careers,lever (direct),homepage link,,,,2026-09-22T03:54:43.957541+00:00,no portfolio page found (link or guess)
Moxxie Ventures,https://www.moxxie.vc/,Pre-seed / Seed;Early-stage,https://careers.moxxie.vc,getro (likely),path/subdomain guess,,,,2026-09-22T03:54:46.086048+00:00,no portfolio page found (link or guess)
Munich Venture Partners,http://www.munichvp.com,Early-stage;Late-stage,,,,http://munichvp.com/portfolio,path guess,12,2026-09-22T03:54:49.492488+00:00,no jobs page found (link or guess)
MUUS Climate Partners,https://www.muus.com/,Pre-seed / Seed;Early-stage;Late-stage,https://jobs.muus.com,consider,path/subdomain guess,,,,2026-09-22T03:54:52.051793+00:00,no portfolio page found (link or guess)
National Grid Partners,https://ngpartners.com/,Corporate VC,https://ngpartners.com/jobs,"next.js, unconfirmed vendor",path/subdomain guess,https://ngpartners.com/portfolio,homepage link,7,2026-09-22T03:54:53.250171+00:00,
New Enterprise Associates (NEA),http://www.nea.com,Pre-seed / Seed;Early-stage;Late-stage;Growth,http://careers.nea.com,consider,path/subdomain guess,http://www.nea.com/portfolio,homepage link,,2026-09-22T03:54:55.114256+00:00,page found but no outbound company links extracted
New System Ventures,https://www.newsystemventures.com,Pre-seed / Seed;Early-stage,,,,,,,2026-09-22T03:54:57.290584+00:00,no portfolio page found (link or guess)
Next47,https://next47.com,Corporate VC,,,,https://next47.com/portfolio,homepage link,1,2026-09-22T03:54:58.371028+00:00,no jobs page found (link or guess)
NGIF Capital,https://www.ngif.ca/ngif-capital/,Early-stage,https://www.ngif.ca/careers/,unknown,homepage link,,,,2026-09-22T03:55:08.987421+00:00,no portfolio page found (link or guess)
NGP Energy Capital Management,https://ngpenergycapital.com/,Early-stage;Late-stage;Growth,,,,https://ngpenergycapital.com/portfolio,path guess,22,2026-09-22T03:55:12.669689+00:00,no jobs page found (link or guess)
noa,https://www.noavc.com/,Pre-seed / Seed;Early-stage,,,,https://www.noavc.com/portfolio,homepage link,4,2026-09-22T03:55:14.505581+00:00,no jobs page found (link or guess)
Nomadic Venture Partners,https://www.nomadicvp.com/,Early-stage,,,,,,,2026-09-22T03:55:15.490032+00:00,homepage fetch failed (403)
NordicNinja,https://nordicninja.vc/,Early-stage;Late-stage,https://nordicninja.com/careers/,unknown,homepage link,https://nordicninja.vc/portfolio,path guess,1,2026-09-22T03:55:18.782061+00:00,
Nor'Easter Ventures,https://www.noreaster.vc/,Early-stage,,,,,,,2026-09-22T03:55:20.760020+00:00,no portfolio page found (link or guess)
Norrsken VC,https://www.norrsken.vc/,Pre-seed / Seed;Early-stage;Growth,https://careers.norrsken.vc,unknown,path/subdomain guess,https://www.norrsken.vc/portfolio,homepage link,,2026-09-22T03:55:21.585188+00:00,page found but no outbound company links extracted
Nucleus Capital,http://www.nucleus-capital.com/,Pre-seed / Seed,https://careers.nucleus-capital.com/jobs,getro (likely),homepage link,,,,2026-09-22T03:55:24.392821+00:00,no portfolio page found (link or guess)
Nysnø,https://www.nysnoinvest.no/en/,,,,,https://nysnoinvest.no/en/portfolio/,homepage link,1,2026-09-22T03:55:27.372682+00:00,no jobs page found (link or guess)
Obvious Ventures,http://www.obvious.com,Pre-seed / Seed;Early-stage,,,,https://obvious.com/portfolio/,homepage link,34,2026-09-22T03:55:28.544111+00:00,no jobs page found (link or guess)
Octopus Ventures,http://www.octopusventures.com,Corporate VC,https://octopusgroup.com/careers/listings/?search=&#038;department=octopus-ventures,unknown,homepage link,https://octopusventures.com/our-portfolio/,homepage link,14,2026-09-22T03:55:31.861259+00:00,
Omnivore,http://omnivore.vc/,Pre-seed / Seed;Early-stage,http://jobs.omnivore.vc,getro (likely),path/subdomain guess,http://omnivore.vc/portfolio,path guess,,2026-09-22T03:55:34.152256+00:00,page found but no outbound company links extracted
Orbia Ventures,https://www.orbia.com/ventures/,Early-stage,https://careers.orbia.com,unknown,path/subdomain guess,https://www.orbia.com/ventures/portfolio/,homepage link,11,2026-09-22T03:55:35.618227+00:00,
Orion Industrial Ventures,https://oiv.orionrp.com/,Pre-seed / Seed;Early-stage;Late-stage,,,,,,,2026-09-22T03:55:37.393111+00:00,no portfolio page found (link or guess)
Orion Infrastructure Capital,https://oic.com/,Growth Infrastructure,https://oic.com/careers,unknown,homepage link,,,,2026-09-22T03:55:40.736439+00:00,no portfolio page found (link or guess)
Overture VC,https://www.overture.vc/,Pre-seed / Seed;Early-stage,https://www.overture.vc/careers,unknown,homepage link,https://www.overture.vc/portfolio,homepage link,,2026-09-22T03:55:41.669460+00:00,page found but no outbound company links extracted
Overview,https://www.overview.earth,Pre-seed / Seed;Early-stage,,,,,,,2026-09-22T03:55:43.739630+00:00,no portfolio page found (link or guess)
Oxy Low Carbon Ventures,https://www.oxylowcarbon.com/,Corporate VC,https://www.oxylowcarbon.com/careers/,unknown,homepage link,https://oxylowcarbon.com/portfolio,path guess,4,2026-09-22T03:55:45.953138+00:00,
Pale Blue Dot,https://www.paleblue.vc/,Pre-seed / Seed;Early-stage,,,,,,,2026-09-22T03:55:46.850494+00:00,homepage fetch failed (429)
Partech,https://partechpartners.com,Pre-seed / Seed;Early-stage;Late-stage,,,,https://partechpartners.com/companies,homepage link,1,2026-09-22T03:55:47.736883+00:00,no jobs page found (link or guess)
Peak Sustainability Ventures,https://www.peakventures.in/,Early-stage,,,,https://www.peakventures.in/portfolio,homepage link,9,2026-09-22T03:55:50.591416+00:00,no jobs page found (link or guess)
Picus Capital,https://www.picuscap.com,Pre-seed / Seed;Early-stage;Late-stage,https://jobs.picuscap.com,unknown,path/subdomain guess,https://picuscap.com/portfolio,path guess,166,2026-09-22T03:55:53.563217+00:00,
Piva Capital,http://www.piva.vc/,Early-stage;Late-stage,,,,https://piva.vc/portfolio/,homepage link,1,2026-09-22T03:56:04.685430+00:00,no jobs page found (link or guess)
Planeteer Capital,https://planeteercapital.com/,Pre-seed / Seed,,,,,,,2026-09-22T03:56:07.146267+00:00,no portfolio page found (link or guess)
Planet First Partners,http://www.planetfirst.partners/,Early-stage;Late-stage;Growth,,,,http://www.planetfirst.partners/portfolio,homepage link,15,2026-09-22T03:56:08.414247+00:00,no jobs page found (link or guess)
Playground Global,https://playground.vc/,Pre-seed / Seed;Early-stage;Late-stage;Growth,https://careers.playground.global/jobs,getro (likely),homepage link,https://playground.vc/portfolio,homepage link,46,2026-09-22T03:56:10.578830+00:00,
Plug and Play Ventures,https://www.plugandplaytechcenter.com,Pre-seed / Seed;Early-stage,https://plugandplaytechcenter.com/jobs,unknown,path/subdomain guess,https://plugandplaytechcenter.com/portfolio,path guess,,2026-09-22T03:56:16.289440+00:00,page found but no outbound company links extracted
Ponderosa Ventures,https://www.ponderosavc.com/,Pre-seed / Seed,https://ponderosavc.com/jobs,unknown,path/subdomain guess,https://ponderosavc.com/portfolio,path guess,,2026-09-22T03:56:18.103049+00:00,page found but no outbound company links extracted
Porsche Ventures,https://www.porsche.ventures,Corporate VC,,,,https://www.porsche.ventures/portfolio,homepage link,33,2026-09-22T03:56:19.481190+00:00,no jobs page found (link or guess)
Powerhouse Ventures,https://powerhouse.fund/ventures,Pre-seed / Seed,https://powerhouse.fund/careers,unknown,homepage link,,,,2026-09-22T03:56:25.107582+00:00,no portfolio page found (link or guess)
Power Sustainable,https://powersustainable.com/en/,,https://powersustainable.com/careers,unknown,path/subdomain guess,,,,2026-09-22T03:56:29.331523+00:00,no portfolio page found (link or guess)
Prelude Ventures,http://www.preludeventures.com,Pre-seed / Seed;Early-stage;Late-stage;Growth,http://jobs.preludeventures.com,getro (likely),path/subdomain guess,https://www.preludeventures.com/portfolio,homepage link,13,2026-09-22T03:56:30.176205+00:00,
Presidio Ventures,http://www.presidio-ventures.com,Corporate VC,,,,,,,2026-09-22T03:56:31.865713+00:00,homepage fetch failed (403)
Prime Impact Fund,https://www.primeimpactfund.com/,Pre-seed / Seed;Early-stage,,,,https://www.primeimpactfund.com/portfolio,homepage link,12,2026-09-22T03:56:32.817087+00:00,no jobs page found (link or guess)
Prime Movers Lab,http://www.primemoverslab.com/,Pre-seed / Seed;Early-stage,http://www.primemoverslab.com/careers,unknown,homepage link,http://www.primemoverslab.com/portfolio,homepage link,32,2026-09-22T03:56:34.428813+00:00,
Princeville Capital,https://www.princeville-capital.com/,Late-stage;Growth,,,,,,,2026-09-22T03:56:39.361162+00:00,no portfolio page found (link or guess)
Propeller,https://www.propellervc.com/,Pre-seed / Seed,,,,,,,2026-09-22T03:56:40.589701+00:00,homepage fetch failed (404)
Pulse Fund,https://www.pulsefund.com,Pre-seed / Seed;Early-stage,https://careers.pulsefund.com,getro (likely),path/subdomain guess,https://www.pulsefund.com/portfolio,homepage link,16,2026-09-22T03:56:41.431435+00:00,
Quantum Energy Partners,http://quantumep.com,Early-stage;Late-stage,http://quantumep.com/jobs,unknown,path/subdomain guess,http://quantumep.com/portfolio,path guess,13,2026-09-22T03:56:44.035064+00:00,
Quantum Innovation Fund,https://www.qif.vc/,Early-stage;Late-stage,,,,,,,2026-09-22T03:57:46.076948+00:00,no portfolio page found (link or guess)
RA Capital Management,https://www.racap.com/planetary-health,Pre-seed / Seed;Early-stage;Late-stage,https://www.racap.com/careers,unknown,homepage link,https://www.racap.com/portfolio,homepage link,2,2026-09-22T03:57:46.920600+00:00,
Refactor Capital,http://www.refactor.com,Pre-seed / Seed;Early-stage,,,,,,,2026-09-22T03:57:49.001355+00:00,no portfolio page found (link or guess)
Regeneration.vc,https://www.regeneration.vc/,Pre-seed / Seed;Early-stage,,,,https://regeneration.vc/portfolio,homepage link,35,2026-09-22T03:57:49.963980+00:00,no jobs page found (link or guess)
ReGen Ventures,https://www.regen.vc/,Pre-seed / Seed;Early-stage,https://jobs.regen.vc,unknown,path/subdomain guess,https://regen.vc/portfolio,path guess,2,2026-09-22T03:57:53.216589+00:00,
Revent,https://www.revent.vc/,Pre-seed / Seed,https://www.linkedin.com/company/revent-vc/jobs,unknown,homepage link,,,,2026-09-22T03:57:58.999605+00:00,no portfolio page found (link or guess)
Rhapsody Venture Partners,https://rhapsodyvp.com/,Pre-seed / Seed;Early-stage;Late-stage,https://rhapsodyvp.com/jobs,unknown,homepage link,https://rhapsodyvp.com/portfolio,homepage link,36,2026-09-22T03:58:00.126243+00:00,
Riverstone Ventures,https://www.riverstone.ventures/,Early-stage,https://riverstone.ventures/jobs,unknown,path/subdomain guess,https://riverstone.ventures/portfolio,path guess,3,2026-09-22T03:58:03.582410+00:00,
Rubio Impact Ventures,https://www.rubio.vc,Pre-seed / Seed;Early-stage,,,,,,,2026-09-22T03:58:04.923950+00:00,homepage fetch failed (403)
S2G Investments,https://www.s2ginvestments.com/,Early-stage;Late-stage;Growth;Emerging Infrastructure,https://www.s2ginvestments.com/team/careers,unknown,homepage link,https://www.s2ginvestments.com/companies,homepage link,1,2026-09-22T03:58:05.814246+00:00,
Safar Partners,https://safar.partners/,Pre-seed / Seed;Early-stage;Late-stage,,,,,,,2026-09-22T03:58:06.978357+00:00,homepage fetch failed (403)
Sandbox Industries,https://sandboxindustries.com,Pre-seed / Seed;Early-stage;Late-stage,https://jobs.sandboxindustries.com,getro (likely),path/subdomain guess,,,,2026-09-22T03:58:08.466617+00:00,no portfolio page found (link or guess)
Sandwater,https://sandwater.com/,Pre-seed / Seed;Early-stage,https://sandwater.com/jobs,unknown,path/subdomain guess,https://sandwater.com/companies,homepage link,1,2026-09-22T03:58:10.067243+00:00,
Satgana,https://www.satgana.com/,Pre-seed / Seed,,,,https://www.satgana.com/portfolio,homepage link,32,2026-09-22T03:58:11.090057+00:00,no jobs page found (link or guess)
Savia Ventures,https://saviaventures.com/,Pre-seed / Seed,,,,https://saviaventures.com/portfolio,path guess,2,2026-09-22T03:58:15.636613+00:00,no jobs page found (link or guess)
Seaya Andromeda,https://seaya.vc/seaya-andromeda/,Early-stage;Late-stage,,,,,,,2026-09-22T03:58:16.520521+00:00,homepage fetch failed (403)
SE Ventures,https://www.seventures.com/home.jsp,Corporate VC,,,,,,,2026-09-22T03:58:17.218543+00:00,homepage fetch failed (403)
Shell Ventures,https://www.shell.com/energy-and-innovation/new-energies/shell-ventures.html,Pre-seed / Seed;Early-stage;Late-stage;Growth;Corporate VC,https://jobs.shell.com,unknown,path/subdomain guess,,,,2026-09-22T03:58:20.691910+00:00,no portfolio page found (link or guess)
SHIFT Invest,https://www.shiftinvest.com/,Pre-seed / Seed;Early-stage;Late-stage,,,,https://www.shiftinvest.com/companies,homepage link,71,2026-09-22T03:58:22.981432+00:00,no jobs page found (link or guess)
Shorewind Capital,https://www.shorewindcapital.com/,Pre-seed / Seed;Early-stage,,,,,,,2026-09-22T03:58:28.939715+00:00,no portfolio page found (link or guess)
Silence VC,https://silencevc.com/,Pre-seed / Seed;Early-stage,,,,,,,2026-09-22T03:58:30.254077+00:00,no portfolio page found (link or guess)
SJF Ventures,http://www.sjfventures.com,Early-stage;Late-stage,http://jobs.sjfventures.com,getro (likely),path/subdomain guess,https://sjfventures.com/our-portfolio/,homepage link,82,2026-09-22T03:58:31.279245+00:00,
Skyview Ventures,https://skyviewventures.com/,Pre-seed / Seed;Early-stage,https://jobs.skyviewventures.com,getro (likely),path/subdomain guess,https://skyviewventures.com/portfolio,homepage link,27,2026-09-22T03:58:37.366427+00:00,
Social Impact Capital,http://social-impact-capital.com,Pre-seed / Seed;Early-stage,,,,http://social-impact-capital.com/companies,path guess,12,2026-09-22T03:58:42.390020+00:00,no jobs page found (link or guess)
Softbank Vision Fund,https://visionfund.com/,Late-stage,https://careers.visionfund.com,unknown,path/subdomain guess,https://visionfund.com/portfolio,homepage link,,2026-09-22T03:58:44.255481+00:00,next.js / client-rendered (no __NEXT_DATA__ parse attempted)
SOSV,https://sosv.com/,Pre-seed / Seed,https://techjobs.sosv.com/jobs,consider,homepage link,https://sosv.com/portfolio/,homepage link,1,2026-09-22T03:58:45.325541+00:00,
Speedinvest,http://speedinvest.com,Pre-seed / Seed;Early-stage,https://careers.speedinvest.com/jobs,getro (likely),homepage link,http://speedinvest.com/portfolio,homepage link,1,2026-09-22T03:58:47.051603+00:00,
Spero Ventures,https://spero.vc/,Early-stage,https://spero.vc/jobs,unknown,path/subdomain guess,https://spero.vc/portfolio/,homepage link,30,2026-09-22T03:58:47.842623+00:00,
Spring Lane Capital,https://www.springlanecapital.com,Pre-seed / Seed;Early-stage;Late-stage;Emerging Infrastructure,https://www.springlanecapital.com/careers/,unknown,homepage link,,,,2026-09-22T03:58:54.231460+00:00,no portfolio page found (link or guess)
Starlight Ventures,http://www.starlight.vc,Pre-seed / Seed;Early-stage,,,,,,,2026-09-22T03:58:54.863037+00:00,homepage fetch failed (403)
Starshot Capital,https://starshotcapital.com/,Pre-seed / Seed;Early-stage,,,,,,,2026-09-22T03:58:59.489420+00:00,no portfolio page found (link or guess)
Statkraft Ventures,http://www.statkraftventures.com/,Pre-seed / Seed;Early-stage,,,,,,,2026-09-22T03:59:01.817679+00:00,no portfolio page found (link or guess)
Stray Dog Capital,https://straydogcapital.com/,Pre-seed / Seed;Early-stage,,,,,,,2026-09-22T03:59:02.588451+00:00,homepage fetch failed (403)
Susquehanna Sustainable Investments (SSI),https://www.sig-ssi.com,Pre-seed / Seed;Early-stage;Late-stage,,,,https://sig-ssi.com/portfolio,path guess,49,2026-09-22T03:59:03.758480+00:00,no jobs page found (link or guess)
Sustainable Development Capital,https://www.sdclgroup.com/,Growth;Growth Infrastructure,,,,,,,2026-09-22T03:59:13.774550+00:00,no portfolio page found (link or guess)
Sustainable Future Ventures,https://www.sfv.vc,Pre-seed / Seed;Early-stage,,,,,,,2026-09-22T03:59:16.274887+00:00,no portfolio page found (link or guess)
Syensqo Ventures,https://www.solvay.com/en/innovation/solvay-ventures,Corporate VC,,,,,,,2026-09-22T03:59:18.434725+00:00,homepage fetch failed (403)
Syngenta Ventures,https://www.syngentagroupventures.com/,Corporate VC,,,,,,,2026-09-22T03:59:19.175926+00:00,homepage fetch failed (403)
SYSTEMIQ,https://www.systemiq.earth/,Early-stage,https://www.systemiq.earth/careers/,greenhouse (direct),homepage link,https://systemiq.earth/portfolio,path guess,2,2026-09-22T03:59:21.931687+00:00,
Talis Capital,http://www.taliscapital.com,Pre-seed / Seed;Early-stage,,,,https://www.taliscapital.com/portfolio/,homepage link,,2026-09-22T03:59:24.197148+00:00,page found but no outbound company links extracted
Tao Capital Partners,http://www.taocap.com,Late-stage;Growth,,,,,,,2026-09-22T03:59:24.975328+00:00,homepage fetch failed (401)
TDK Ventures,http://www.tdk-ventures.com/,Pre-seed / Seed;Early-stage;Corporate VC,https://tdk-ventures.com/careers/,unknown,homepage link,http://www.tdk-ventures.com/portfolio,homepage link,74,2026-09-22T03:59:26.486353+00:00,
Techstars,https://www.techstars.com,Pre-seed / Seed,https://www.techstars.com/careers,greenhouse (direct),homepage link,https://www.techstars.com/portfolio,homepage link,31,2026-09-22T03:59:32.453758+00:00,
Tekfen Ventures,http://tekfenventures.com/,Corporate VC,,,,http://tekfenventures.com/companies,homepage link,14,2026-09-22T03:59:36.671895+00:00,no jobs page found (link or guess)
TELUS Pollinator Fund for Good,https://www.telus.com/en/pollinatorfund,Corporate VC,,,,,,,2026-09-22T03:59:38.061566+00:00,homepage fetch failed (403)
Temasek,http://www.temasek.com.sg/,Pre-seed / Seed;Early-stage;Late-stage;Growth;Growth Infrastructure,,,,,,,2026-09-22T03:59:38.820062+00:00,homepage fetch failed (403)
Tenacious Ventures,https://tenacious.ventures/,Pre-seed / Seed;Early-stage,https://tenacious.ventures/jobs,unknown,path/subdomain guess,https://tenacious.ventures/portfolio,path guess,14,2026-09-22T03:59:39.578883+00:00,
Terra Venture Partners,https://www.terravp.com/,Pre-seed / Seed;Early-stage,https://terravp.com/careers,unknown,path/subdomain guess,https://www.terravp.com/portfolio/platform-for-real-estate-marketing-utilizing-mixed-reality-and-ai/,homepage link,2,2026-09-22T03:59:45.290081+00:00,
The Westly Group,http://www.westlygroup.com/,Pre-seed / Seed;Early-stage;Late-stage,http://jobs.westlygroup.com,getro (likely),path/subdomain guess,https://westlygroup.com/portfolio/,homepage link,42,2026-09-22T03:59:47.866472+00:00,
The Yield Lab,https://www.theyieldlab.com/,Pre-seed / Seed;Early-stage,,,,,,,2026-09-22T03:59:54.838664+00:00,no portfolio page found (link or guess)
Thin Line Capital,https://www.thinlinecapital.com/,Pre-seed / Seed;Early-stage,,,,,,,2026-09-22T03:59:55.652965+00:00,homepage fetch failed (429)
Third Sphere,https://thirdsphere.com,Pre-seed / Seed;Early-stage;Emerging Infrastructure,https://jobs.thirdsphere.com,getro (likely),path/subdomain guess,https://thirdsphere.com/portfolio/,homepage link,1,2026-09-22T03:59:59.624981+00:00,
Tin Shed Ventures,http://www.tinshedventures.com/,Corporate VC,,,,http://www.tinshedventures.com/portfolio/cairnspring-mills/,homepage link,2,2026-09-22T04:00:01.669366+00:00,no jobs page found (link or guess)
TO VC,http://to.vc/,Pre-seed / Seed;Early-stage,http://to.vc/jobs,unknown,path/subdomain guess,http://to.vc/portfolio,path guess,12,2026-09-22T04:00:03.842264+00:00,
Toyota Ventures,https://toyota.ventures,Pre-seed / Seed;Early-stage;Corporate VC,https://jobs.toyota.ventures,getro (likely),path/subdomain guess,,,,2026-09-22T04:00:05.853581+00:00,no portfolio page found (link or guess)
TPG Rise Climate,https://www.tpg.com/platforms/impact/rise-climate,Late-stage;Growth,https://www.tpg.com/careers,greenhouse (direct),homepage link,https://www.tpg.com/portfolio?products=TPG+Rise+Climate,homepage link,1,2026-09-22T04:00:06.543986+00:00,
Trailhead Capital,https://trailheadcap.com/,Pre-seed / Seed;Early-stage,https://trailheadcap.getro.com/jobs,getro (likely),homepage link,https://trailheadcap.com/portfolio,homepage link,2,2026-09-22T04:00:07.828748+00:00,
Transition Venture Capital,https://transitionventurecapital.com/,Pre-seed / Seed;Early-stage,https://transitionventurecapital.com/careers,unknown,homepage link,https://transitionventurecapital.com/portfolio,homepage link,18,2026-09-22T04:00:09.051987+00:00,
Transition Ventures,https://transition.vc,Pre-seed / Seed;Early-stage,https://jobs.transition.vc/jobs,consider,homepage link,https://transition.vc/companies,homepage link,,2026-09-22T04:00:11.920513+00:00,page found but no outbound company links extracted
TreeArc Investment Group,https://treearcgroup.com/,Pre-seed / Seed;Early-stage;Late-stage;Emerging Infrastructure,,,,,,,2026-09-22T04:00:16.400177+00:00,no portfolio page found (link or guess)
TRIREC,http://www.trirec.co/,Pre-seed / Seed;Early-stage,,,,http://trirec.co/portfolio,path guess,24,2026-09-22T04:00:17.317289+00:00,no jobs page found (link or guess)
T. Rowe Price,http://www.troweprice.com,Late-stage;Growth,http://www.troweprice.com/en/us/careers,unknown,homepage link,,,,2026-09-22T04:00:19.879350+00:00,no portfolio page found (link or guess)
Trucks Venture Capital,http://trucks.vc/,Pre-seed / Seed,,,,http://trucks.vc/portfolio,homepage link,84,2026-09-22T04:00:21.321902+00:00,no jobs page found (link or guess)
True Ventures,http://www.trueventures.com,Pre-seed / Seed;Early-stage,http://jobs.trueventures.com,getro (likely),path/subdomain guess,http://www.trueventures.com/portfolio,homepage link,195,2026-09-22T04:00:27.688376+00:00,
Twynam,https://www.twynam.com/vc,Pre-seed / Seed;Early-stage,https://twynam.com/jobs,unknown,path/subdomain guess,https://twynam.com/portfolio,path guess,,2026-09-22T04:00:40.894467+00:00,page found but no outbound company links extracted
Übermorgen Ventures,https://www.uebermorgen.vc/,Pre-seed / Seed;Early-stage,,,,https://www.uebermorgen.vc/portfolio,homepage link,,2026-09-22T04:00:46.135409+00:00,page found but no outbound company links extracted
Ultra Capital,http://ultracapital.com/,Growth;Emerging Infrastructure,,,,https://www.ultracapital.com/portfolio/,homepage link,12,2026-09-22T04:00:50.111874+00:00,no jobs page found (link or guess)
Undivided VC,https://www.undivided.vc/,Pre-seed / Seed;Early-stage,,,,,,,2026-09-22T04:00:52.630051+00:00,no portfolio page found (link or guess)
Union Labs Ventures,http://unionlabs.com/,Pre-seed / Seed,,,,http://unionlabs.com/portfolio,path guess,,2026-09-22T04:00:54.492813+00:00,page found but no outbound company links extracted
Union Square Ventures,http://www.usv.com,Pre-seed / Seed;Early-stage;Late-stage;Growth,http://jobs.usv.com,consider,path/subdomain guess,http://www.usv.com/companies,homepage link,208,2026-09-22T04:00:56.302601+00:00,
Unovis,https://unovis.vc/,Pre-seed / Seed;Early-stage,https://unovis.vc/careers/,unknown,homepage link,https://unovis.vc/portfolio/,homepage link,44,2026-09-22T04:01:11.076198+00:00,
Unruly Capital,https://www.unrulycap.com/,Pre-seed / Seed;Early-stage,,,,https://www.unrulycap.com/portfolio,homepage link,64,2026-09-22T04:01:15.239788+00:00,no jobs page found (link or guess)
UP.Partners,https://up.partners/,Pre-seed / Seed;Early-stage;Late-stage;Growth,https://careers.up.partners/jobs,consider,homepage link,https://up.partners/companies/,homepage link,46,2026-09-22T04:01:21.645388+00:00,
UVC Partners,https://www.uvcpartners.com/,Pre-seed / Seed;Early-stage;Late-stage,https://uvcpartners.com/jobs,getro (likely),path/subdomain guess,,,,2026-09-22T04:01:26.585334+00:00,no portfolio page found (link or guess)
Vale Ventures,https://vale.com/vale-ventures,Corporate VC,https://vale.com/careers,unknown,path/subdomain guess,,,,2026-09-22T04:01:31.396140+00:00,no portfolio page found (link or guess)
Valor Equity Partners,http://www.valorep.com,Pre-seed / Seed;Early-stage;Late-stage;Growth,,,,http://www.valorep.com/portfolio,homepage link,43,2026-09-22T04:01:32.484838+00:00,no jobs page found (link or guess)
Valo Ventures,https://valoventures.org,Early-stage;Late-stage;Growth,https://valoventures.getro.com/jobs,getro (likely),homepage link,https://valoventures.org/portfolio/,homepage link,1,2026-09-22T04:01:36.034425+00:00,
Verdane,https://verdane.com,Growth,,,,,,,2026-09-22T04:01:37.730338+00:00,no portfolio page found (link or guess)
Version One Ventures,http://versionone.vc/,Pre-seed / Seed;Early-stage,,,,https://versionone.vc/portfolio/,homepage link,,2026-09-22T04:01:38.693958+00:00,page found but no outbound company links extracted
Verve Ventures,https://www.verve.vc/,Pre-seed / Seed;Early-stage;Late-stage,,,,https://verve.vc/portfolio,path guess,,2026-09-22T04:01:42.073000+00:00,page found but no outbound company links extracted
Virescent Ventures,https://www.virescent.vc/,Pre-seed / Seed;Early-stage;Late-stage,,,,,,,2026-09-22T04:01:46.776131+00:00,no portfolio page found (link or guess)
Vision Ridge Partners,https://vision-ridge.com/,Early-stage;Late-stage,,,,,,,2026-09-22T04:01:52.069048+00:00,no portfolio page found (link or guess)
VisVires New Protein,http://visviresnewprotein.com/,Early-stage,,,,http://visviresnewprotein.com/portfolio,homepage link,,2026-09-22T04:01:53.477099+00:00,page found but no outbound company links extracted
Vitamin C,https://www.vitaminc.vc/,Pre-seed / Seed,,,,https://www.vitaminc.vc/portfolio,homepage link,1,2026-09-22T04:01:54.553035+00:00,no jobs page found (link or guess)
Volkswagen Group,https://www.volkswagenag.com/,,,,,,,,2026-09-22T04:01:55.388912+00:00,homepage fetch failed (0)
VoLo Earth Ventures,https://www.voloearth.com/,Pre-seed / Seed;Early-stage,https://www.voloearth.com/careers,unknown,homepage link,https://www.voloearth.com/portfolio,homepage link,37,2026-09-22T04:01:56.024976+00:00,
Volta Energy Technologies,https://volta.vc/,Pre-seed / Seed;Early-stage,,,,https://volta.vc/portfolio,homepage link,24,2026-09-22T04:01:59.413881+00:00,no jobs page found (link or guess)
VOX Capital,https://voxcapital.com.br/en/homepage/,Pre-seed / Seed;Early-stage,,,,,,,2026-09-22T04:02:02.186409+00:00,homepage fetch failed (404)
Voyager Ventures,https://www.voyagervc.com/,Pre-seed / Seed;Early-stage;Growth,https://careers.voyagervc.com/jobs,consider,homepage link,https://www.voyagervc.com/portfolio,homepage link,36,2026-09-22T04:02:02.879128+00:00,
WAVE Equity Partners,https://waveep.com,Early-stage;Late-stage,,,,https://waveep.com/portfolio,path guess,16,2026-09-22T04:02:09.704297+00:00,no jobs page found (link or guess)
Wellington Management,http://wellington.com,Late-stage;Growth,http://wellington.com/en/about-us/careers,unknown,homepage link,,,,2026-09-22T04:02:14.022207+00:00,no portfolio page found (link or guess)
Wireframe Ventures,http://www.wireframevc.com/,Pre-seed / Seed,,,,https://wireframevc.com/portfolio,homepage link,54,2026-09-22T04:02:15.054993+00:00,no jobs page found (link or guess)
Wi Venture,https://wiventure.de/,Early-stage,,,,,,,2026-09-22T04:02:19.367263+00:00,homepage fetch failed (0)
World Fund,https://www.worldfund.vc/,Pre-seed / Seed;Early-stage,https://www.worldfund.vc/career,unknown,homepage link,https://www.worldfund.vc/portfolio,homepage link,2,2026-09-22T04:02:20.161859+00:00,
Y Combinator,http://www.ycombinator.com,Pre-seed / Seed;Early-stage,http://www.ycombinator.com/jobs,unknown,homepage link,http://www.ycombinator.com/companies,homepage link,,2026-09-22T04:02:21.965919+00:00,page found but no outbound company links extracted
Zacua Ventures,https://zacuaventures.com,Pre-seed / Seed,,,,https://zacuaventures.com/portfolio/,homepage link,,2026-09-22T04:02:23.184899+00:00,page found but no outbound company links extracted
Zero Carbon Capital,https://www.zerocarbon.vc,Pre-seed / Seed;Early-stage,,,,https://www.zerocarbon.vc/portfolio,homepage link,3,2026-09-22T04:02:24.250532+00:00,no jobs page found (link or guess)
Zouk Capital,http://www.zouk.com,Early-stage;Growth;Growth Infrastructure,http://www.zouk.com/careers,unknown,homepage link,http://www.zouk.com/our-portfolio,homepage link,4,2026-09-22T04:02:26.996054+00:00,
