company_domain,rippling_token
aalo.com,aalo-atomics
adiabatic.co,adiabatic
agentsync.io,agentsync-careers
albertinvent.com,albert-invent-corp
algorand.com,algorand-foundation
apeel.com,apeelsciences
atlasds.com,atlas-data-storage
booknook.com,booknook-inc
boomsupersonic.com,boom-supersonic
characterbio.com,character-biosciences
cleartrace.io,cleartrace-careers
documentcrunch.com,document-crunch-inc
door.com,door
e-zinc.ca,e-zinc
elegenbio.com,elegen
enervenue.com,enervenue-inc
formant.io,formant-careers
foundationalloy.com,foundation-alloy
getdelos.com,delos-careers
gobrightside.com,brightside
gojitsu.com,jitsu
gordian.bio,gordian-biotechnology
goshippo.com,shippo
gotenna.com,gotenna-inc
gradientcomfort.com,gradientcomfort
gridsight.ai,gridsight
handle.com,handle
hive.app,hive-fc-ber-gmbh
interplaylearning.com,interplaylearning
klir.com,klir
knode.ai,knodeai
lastwall.com,lastwall
latch.com,door
lightguidesys.com,lightguide
lilacsolutions.com,lilac-solutions
moldco.com,the-immune-co
nesto.ca,nesto
nironmagnetics.com,niron
noteworthy.ai,noteworthy-ai-inc
pearlcertification.com,careers-at-pearl
powin.com,external-job-board
raptormaps.com,raptor-maps-inc
resurety.com,resurety
rhinofcp.com,rhino-federated-computing-jobs
sightmachine.com,sightmachine
sparkcharge.io,sparkcharge
stem.com,stem-inc
strivr.com,strivr
swiftcomply.com,swiftcomply
swimlane.com,swimlane
terradot.earth,terradot-careers
tive.com,tive-careers
treehouse.pro,treehouse-job-board
turntide.com,turntide-careers
typeoneenergy.com,type-one-energy-group
unchained.com,unchained
voltaiq.com,voltaiq-careers
vulcanforms.com,vulcanforms
wisq.com,wisq-careers
zededa.com,zededa
zivianhealth.com,zivian-health-inc
zumper.com,zumper
